[12Jun2026 21:14:54.918] [main/INFO] [cpw.mods.modlauncher.Launcher/MODLAUNCHER]: ModLauncher running: args [--launchTarget, forgeserver, --fml.neoForgeVersion, 21.1.230, --fml.fmlVersion, 4.0.42, --fml.mcVersion, 1.21.1, --fml.neoFormVersion, 20240808.144430, nogui]
[12Jun2026 21:14:54.921] [main/INFO] [cpw.mods.modlauncher.Launcher/MODLAUNCHER]: JVM identified as Ubuntu OpenJDK 64-Bit Server VM 21.0.10+7-Ubuntu-124.04
[12Jun2026 21:14:54.922] [main/INFO] [cpw.mods.modlauncher.Launcher/MODLAUNCHER]: ModLauncher 11.0.5+main.901c6ea8 starting: java version 21.0.10 by Ubuntu; OS Linux arch amd64 version 6.8.0-1052-azure
[12Jun2026 21:14:55.691] [main/INFO] [me.decce.ixeris.neoforge.core.IxerisBootstrapper/]: Skipped Ixeris bootstrapping because: on dedicated server
[12Jun2026 21:14:55.694] [main/INFO] [net.neoforged.fml.loading.ImmediateWindowHandler/]: ImmediateWindowProvider not loading because launch target is forgeserver
[12Jun2026 21:14:55.712] [main/WARN] [CrashAssistantJarInJarHelper/]: launchTarget: forgeserver. Crash Assistant is client only mod. Mod will do nothing!
[12Jun2026 21:14:55.823] [main/INFO] [mixin/]: SpongePowered MIXIN Subsystem Version=0.8.7 Source=union:/workspaces/RPG-Svs/servidor_minecraft/libraries/net/fabricmc/sponge-mixin/0.15.2+mixin.0.8.7/sponge-mixin-0.15.2+mixin.0.8.7.jar%2373!/ Service=ModLauncher Env=SERVER
[12Jun2026 21:14:56.073] [main/INFO] [net.neoforged.fml.loading.moddiscovery.ModDiscoverer/SCAN]: Found mod file "server-1.21.1-20240808.144430-srg.jar" [locator: production server provider +net.neoforged:neoforge:21.1.230:server]
[12Jun2026 21:14:56.097] [main/INFO] [net.neoforged.fml.loading.moddiscovery.ModDiscoverer/SCAN]: Found mod file "neoforge-21.1.230-universal.jar" [locator: PathBasedLocator[name=neoforge, paths=[libraries/net/neoforged/neoforge/21.1.230/neoforge-21.1.230-universal.jar]], reader: mod manifest]
[12Jun2026 21:14:56.111] [main/INFO] [net.neoforged.fml.loading.moddiscovery.ModDiscoverer/SCAN]: Found mod file "accessories-neoforge-1.1.0-beta.53+1.21.1.jar" [locator: {mods folder locator at /workspaces/RPG-Svs/servidor_minecraft/mods}, reader: mod manifest]
[12Jun2026 21:14:56.116] [main/INFO] [net.neoforged.fml.loading.moddiscovery.ModDiscoverer/SCAN]: Found mod file "accessories_compat_layer-neoforge-0.1.12+1.21.1.jar" [locator: {mods folder locator at /workspaces/RPG-Svs/servidor_minecraft/mods}, reader: mod manifest]
[12Jun2026 21:14:56.122] [main/INFO] [net.neoforged.fml.loading.moddiscovery.ModDiscoverer/SCAN]: Found mod file "adventuredungeons-neoforge-1.21-1.3.1.jar" [locator: {mods folder locator at /workspaces/RPG-Svs/servidor_minecraft/mods}, reader: mod manifest]
[12Jun2026 21:14:56.131] [main/INFO] [net.neoforged.fml.loading.moddiscovery.ModDiscoverer/SCAN]: Found mod file "alloy_smelter-neoforge-1.21.1-1.2.1.jar" [locator: {mods folder locator at /workspaces/RPG-Svs/servidor_minecraft/mods}, reader: mod manifest]
[12Jun2026 21:14:56.138] [main/INFO] [net.neoforged.fml.loading.moddiscovery.ModDiscoverer/SCAN]: Found mod file "alternate_current-mc1.21-1.9.0.jar" [locator: {mods folder locator at /workspaces/RPG-Svs/servidor_minecraft/mods}, reader: mod manifest]
[12Jun2026 21:14:56.152] [main/INFO] [net.neoforged.fml.loading.moddiscovery.ModDiscoverer/SCAN]: Found mod file "appleskin-neoforge-mc1.21-3.0.9.jar" [locator: {mods folder locator at /workspaces/RPG-Svs/servidor_minecraft/mods}, reader: mod manifest]
[12Jun2026 21:14:56.157] [main/INFO] [net.neoforged.fml.loading.moddiscovery.ModDiscoverer/SCAN]: Found mod file "archers-neoforge-2.7.0+1.21.1.jar" [locator: {mods folder locator at /workspaces/RPG-Svs/servidor_minecraft/mods}, reader: mod manifest]
[12Jun2026 21:14:56.163] [main/INFO] [net.neoforged.fml.loading.moddiscovery.ModDiscoverer/SCAN]: Found mod file "architectury-13.0.8-neoforge.jar" [locator: {mods folder locator at /workspaces/RPG-Svs/servidor_minecraft/mods}, reader: mod manifest]
[12Jun2026 21:14:56.174] [main/INFO] [net.neoforged.fml.loading.moddiscovery.ModDiscoverer/SCAN]: Found mod file "Armageddon for 1.21.1 (v2.0.8c) - The Madness Update.jar" [locator: {mods folder locator at /workspaces/RPG-Svs/servidor_minecraft/mods}, reader: mod manifest]
[12Jun2026 21:14:56.177] [main/INFO] [net.neoforged.fml.loading.moddiscovery.ModDiscoverer/SCAN]: Found mod file "arsenal-neoforge-1.4.2+1.21.1.jar" [locator: {mods folder locator at /workspaces/RPG-Svs/servidor_minecraft/mods}, reader: mod manifest]
[12Jun2026 21:14:56.180] [main/INFO] [net.neoforged.fml.loading.moddiscovery.ModDiscoverer/SCAN]: Found mod file "artifacts-neoforge-13.2.1.jar" [locator: {mods folder locator at /workspaces/RPG-Svs/servidor_minecraft/mods}, reader: mod manifest]
[12Jun2026 21:14:56.183] [main/INFO] [net.neoforged.fml.loading.moddiscovery.ModDiscoverer/SCAN]: Found mod file "ATi Structures Vanilla V1.4.4 (1.21+).jar" [locator: {mods folder locator at /workspaces/RPG-Svs/servidor_minecraft/mods}, reader: mod manifest]
[12Jun2026 21:14:56.187] [main/INFO] [net.neoforged.fml.loading.moddiscovery.ModDiscoverer/SCAN]: Found mod file "attributefix-neoforge-1.21.1-21.1.3.jar" [locator: {mods folder locator at /workspaces/RPG-Svs/servidor_minecraft/mods}, reader: mod manifest]
[12Jun2026 21:14:56.189] [main/INFO] [net.neoforged.fml.loading.moddiscovery.ModDiscoverer/SCAN]: Found mod file "azurelibarmor-neo-1.21.1-3.1.3.jar" [locator: {mods folder locator at /workspaces/RPG-Svs/servidor_minecraft/mods}, reader: mod manifest]
[12Jun2026 21:14:56.192] [main/INFO] [net.neoforged.fml.loading.moddiscovery.ModDiscoverer/SCAN]: Found mod file "baguettelib-1.21.1-NeoForge-2.0.3.jar" [locator: {mods folder locator at /workspaces/RPG-Svs/servidor_minecraft/mods}, reader: mod manifest]
[12Jun2026 21:14:56.194] [main/INFO] [net.neoforged.fml.loading.moddiscovery.ModDiscoverer/SCAN]: Found mod file "balm-neoforge-1.21.1-21.0.56.jar" [locator: {mods folder locator at /workspaces/RPG-Svs/servidor_minecraft/mods}, reader: mod manifest]
[12Jun2026 21:14:56.196] [main/INFO] [net.neoforged.fml.loading.moddiscovery.ModDiscoverer/SCAN]: Found mod file "beginnersdelight-0.4.0+1.21.1-neoforge.jar" [locator: {mods folder locator at /workspaces/RPG-Svs/servidor_minecraft/mods}, reader: mod manifest]
[12Jun2026 21:14:56.199] [main/INFO] [net.neoforged.fml.loading.moddiscovery.ModDiscoverer/SCAN]: Found mod file "better_starting_armors-1.0.1-neoforge-1.21.1.jar" [locator: {mods folder locator at /workspaces/RPG-Svs/servidor_minecraft/mods}, reader: mod manifest]
[12Jun2026 21:14:56.201] [main/INFO] [net.neoforged.fml.loading.moddiscovery.ModDiscoverer/SCAN]: Found mod file "bettercombat-neoforge-2.3.2+1.21.1.jar" [locator: {mods folder locator at /workspaces/RPG-Svs/servidor_minecraft/mods}, reader: mod manifest]
[12Jun2026 21:14:56.203] [main/INFO] [net.neoforged.fml.loading.moddiscovery.ModDiscoverer/SCAN]: Found mod file "biolith-neoforge-3.0.11.jar" [locator: {mods folder locator at /workspaces/RPG-Svs/servidor_minecraft/mods}, reader: mod manifest]
[12Jun2026 21:14:56.208] [main/INFO] [net.neoforged.fml.loading.moddiscovery.ModDiscoverer/SCAN]: Found mod file "block_factorys_bosses-2.1.1-neo-1.21.1.jar" [locator: {mods folder locator at /workspaces/RPG-Svs/servidor_minecraft/mods}, reader: mod manifest]
[12Jun2026 21:14:56.211] [main/INFO] [net.neoforged.fml.loading.moddiscovery.ModDiscoverer/SCAN]: Found mod file "bookshelf-neoforge-1.21.1-21.1.81.jar" [locator: {mods folder locator at /workspaces/RPG-Svs/servidor_minecraft/mods}, reader: mod manifest]
[12Jun2026 21:14:56.215] [main/INFO] [net.neoforged.fml.loading.moddiscovery.ModDiscoverer/SCAN]: Found mod file "born_in_chaos_[Neoforge]_1.21.1_1.7.5.jar" [locator: {mods folder locator at /workspaces/RPG-Svs/servidor_minecraft/mods}, reader: mod manifest]
[12Jun2026 21:14:56.217] [main/INFO] [net.neoforged.fml.loading.moddiscovery.ModDiscoverer/SCAN]: Found mod file "boss_checklist-neoforge-5.0.1.jar" [locator: {mods folder locator at /workspaces/RPG-Svs/servidor_minecraft/mods}, reader: mod manifest]
[12Jun2026 21:14:56.219] [main/INFO] [net.neoforged.fml.loading.moddiscovery.ModDiscoverer/SCAN]: Found mod file "boundless-8.jar" [locator: {mods folder locator at /workspaces/RPG-Svs/servidor_minecraft/mods}, reader: mod manifest]
[12Jun2026 21:14:56.221] [main/INFO] [net.neoforged.fml.loading.moddiscovery.ModDiscoverer/SCAN]: Found mod file "bountiful-neoforge-8.0.0-beta.2.jar" [locator: {mods folder locator at /workspaces/RPG-Svs/servidor_minecraft/mods}, reader: mod manifest]
[12Jun2026 21:14:56.223] [main/INFO] [net.neoforged.fml.loading.moddiscovery.ModDiscoverer/SCAN]: Found mod file "bundle-api-neoforge-1.1.0.jar" [locator: {mods folder locator at /workspaces/RPG-Svs/servidor_minecraft/mods}, reader: mod manifest]
[12Jun2026 21:14:56.226] [main/INFO] [net.neoforged.fml.loading.moddiscovery.ModDiscoverer/SCAN]: Found mod file "c2me-neoforge-mc1.21.1-0.3.0+alpha.0.91.jar" [locator: {mods folder locator at /workspaces/RPG-Svs/servidor_minecraft/mods}, reader: mod manifest]
[12Jun2026 21:14:56.228] [main/INFO] [net.neoforged.fml.loading.moddiscovery.ModDiscoverer/SCAN]: Found mod file "cataclysm_compat_1.21.1-1.0.2.jar" [locator: {mods folder locator at /workspaces/RPG-Svs/servidor_minecraft/mods}, reader: mod manifest]
[12Jun2026 21:14:56.231] [main/INFO] [net.neoforged.fml.loading.moddiscovery.ModDiscoverer/SCAN]: Found mod file "chalk-1.6.11.jar" [locator: {mods folder locator at /workspaces/RPG-Svs/servidor_minecraft/mods}, reader: mod manifest]
[12Jun2026 21:14:56.233] [main/INFO] [net.neoforged.fml.loading.moddiscovery.ModDiscoverer/SCAN]: Found mod file "chloride-NEOFORGE-mc1.21.1-v1.7.7.jar" [locator: {mods folder locator at /workspaces/RPG-Svs/servidor_minecraft/mods}, reader: mod manifest]
[12Jun2026 21:14:56.235] [main/INFO] [net.neoforged.fml.loading.moddiscovery.ModDiscoverer/SCAN]: Found mod file "chunksending-1.21-2.9.jar" [locator: {mods folder locator at /workspaces/RPG-Svs/servidor_minecraft/mods}, reader: mod manifest]
[12Jun2026 21:14:56.237] [main/INFO] [net.neoforged.fml.loading.moddiscovery.ModDiscoverer/SCAN]: Found mod file "Chunky-NeoForge-1.4.23.jar" [locator: {mods folder locator at /workspaces/RPG-Svs/servidor_minecraft/mods}, reader: mod manifest]
[12Jun2026 21:14:56.239] [main/INFO] [net.neoforged.fml.loading.moddiscovery.ModDiscoverer/SCAN]: Found mod file "cloth-config-15.0.140-neoforge.jar" [locator: {mods folder locator at /workspaces/RPG-Svs/servidor_minecraft/mods}, reader: mod manifest]
[12Jun2026 21:14:56.241] [main/INFO] [net.neoforged.fml.loading.moddiscovery.ModDiscoverer/SCAN]: Found mod file "Clumps-neoforge-1.21.1-19.0.0.1.jar" [locator: {mods folder locator at /workspaces/RPG-Svs/servidor_minecraft/mods}, reader: mod manifest]
[12Jun2026 21:14:56.243] [main/INFO] [net.neoforged.fml.loading.moddiscovery.ModDiscoverer/SCAN]: Found mod file "clutternomore-1.1.9+1.21.1-neoforge.jar" [locator: {mods folder locator at /workspaces/RPG-Svs/servidor_minecraft/mods}, reader: mod manifest]
[12Jun2026 21:14:56.245] [main/INFO] [net.neoforged.fml.loading.moddiscovery.ModDiscoverer/SCAN]: Found mod file "collective-1.21.1-8.22.jar" [locator: {mods folder locator at /workspaces/RPG-Svs/servidor_minecraft/mods}, reader: mod manifest]
[12Jun2026 21:14:56.252] [main/INFO] [net.neoforged.fml.loading.moddiscovery.ModDiscoverer/SCAN]: Found mod file "configured-neoforge-1.21.1-2.6.3.jar" [locator: {mods folder locator at /workspaces/RPG-Svs/servidor_minecraft/mods}, reader: mod manifest]
[12Jun2026 21:14:56.254] [main/INFO] [net.neoforged.fml.loading.moddiscovery.ModDiscoverer/SCAN]: Found mod file "copperagebackport-neoforge-1.21.1-0.1.4.jar" [locator: {mods folder locator at /workspaces/RPG-Svs/servidor_minecraft/mods}, reader: mod manifest]
[12Jun2026 21:14:56.262] [main/INFO] [net.neoforged.fml.loading.moddiscovery.ModDiscoverer/SCAN]: Found mod file "corpse-neoforge-1.21.1-1.1.13.jar" [locator: {mods folder locator at /workspaces/RPG-Svs/servidor_minecraft/mods}, reader: mod manifest]
[12Jun2026 21:14:56.264] [main/INFO] [net.neoforged.fml.loading.moddiscovery.ModDiscoverer/SCAN]: Found mod file "corpsecurioscompat-1.21.1-NeoForge-4.0.1.jar" [locator: {mods folder locator at /workspaces/RPG-Svs/servidor_minecraft/mods}, reader: mod manifest]
[12Jun2026 21:14:56.265] [main/INFO] [net.neoforged.fml.loading.moddiscovery.ModDiscoverer/SCAN]: Found mod file "crashexploitfixer-neoforge-2.0.0+1.21.4.jar" [locator: {mods folder locator at /workspaces/RPG-Svs/servidor_minecraft/mods}, reader: mod manifest]
[12Jun2026 21:14:56.273] [main/INFO] [net.neoforged.fml.loading.moddiscovery.ModDiscoverer/SCAN]: Found mod file "create-1.21.1-6.0.10.jar" [locator: {mods folder locator at /workspaces/RPG-Svs/servidor_minecraft/mods}, reader: mod manifest]
[12Jun2026 21:14:56.276] [main/INFO] [net.neoforged.fml.loading.moddiscovery.ModDiscoverer/SCAN]: Found mod file "create-stuff-additions1.21.1_v2.1.2.jar" [locator: {mods folder locator at /workspaces/RPG-Svs/servidor_minecraft/mods}, reader: mod manifest]
[12Jun2026 21:14:56.280] [main/INFO] [net.neoforged.fml.loading.moddiscovery.ModDiscoverer/SCAN]: Found mod file "cupboard-1.21-3.5.jar" [locator: {mods folder locator at /workspaces/RPG-Svs/servidor_minecraft/mods}, reader: mod manifest]
[12Jun2026 21:14:56.282] [main/INFO] [net.neoforged.fml.loading.moddiscovery.ModDiscoverer/SCAN]: Found mod file "curios-neoforge-9.5.1+1.21.1.jar" [locator: {mods folder locator at /workspaces/RPG-Svs/servidor_minecraft/mods}, reader: mod manifest]
[12Jun2026 21:14:56.286] [main/INFO] [net.neoforged.fml.loading.moddiscovery.ModDiscoverer/SCAN]: Found mod file "darkerdepths-2.1.3.jar" [locator: {mods folder locator at /workspaces/RPG-Svs/servidor_minecraft/mods}, reader: mod manifest]
[12Jun2026 21:14:56.289] [main/INFO] [net.neoforged.fml.loading.moddiscovery.ModDiscoverer/SCAN]: Found mod file "databank-1.3.1.jar" [locator: {mods folder locator at /workspaces/RPG-Svs/servidor_minecraft/mods}, reader: mod manifest]
[12Jun2026 21:14:56.291] [main/INFO] [net.neoforged.fml.loading.moddiscovery.ModDiscoverer/SCAN]: Found mod file "default_skill_trees-1.1.jar" [locator: {mods folder locator at /workspaces/RPG-Svs/servidor_minecraft/mods}, reader: mod manifest]
[12Jun2026 21:14:56.294] [main/INFO] [net.neoforged.fml.loading.moddiscovery.ModDiscoverer/SCAN]: Found mod file "despawntweaker-1.21.1-NeoForge-1.0.0.jar" [locator: {mods folder locator at /workspaces/RPG-Svs/servidor_minecraft/mods}, reader: mod manifest]
[12Jun2026 21:14:56.296] [main/INFO] [net.neoforged.fml.loading.moddiscovery.ModDiscoverer/SCAN]: Found mod file "DnT-nether-fortress-overhaul-v2.4 [NeoForge].jar" [locator: {mods folder locator at /workspaces/RPG-Svs/servidor_minecraft/mods}, reader: mod manifest]
[12Jun2026 21:14:56.298] [main/INFO] [net.neoforged.fml.loading.moddiscovery.ModDiscoverer/SCAN]: Found mod file "dragonfight-1.21-4.7.jar" [locator: {mods folder locator at /workspaces/RPG-Svs/servidor_minecraft/mods}, reader: mod manifest]
[12Jun2026 21:14:56.317] [main/INFO] [net.neoforged.fml.loading.moddiscovery.ModDiscoverer/SCAN]: Found mod file "dungeons-and-taverns-v4.4.4 [NeoForge].jar" [locator: {mods folder locator at /workspaces/RPG-Svs/servidor_minecraft/mods}, reader: mod manifest]
[12Jun2026 21:14:56.320] [main/INFO] [net.neoforged.fml.loading.moddiscovery.ModDiscoverer/SCAN]: Found mod file "easy_mob_spawn_control-1.1.5.jar" [locator: {mods folder locator at /workspaces/RPG-Svs/servidor_minecraft/mods}, reader: mod manifest]
[12Jun2026 21:14:56.321] [main/INFO] [net.neoforged.fml.loading.moddiscovery.ModDiscoverer/SCAN]: Found mod file "EchoChest-v21.1.1-1.21.1-NeoForge.jar" [locator: {mods folder locator at /workspaces/RPG-Svs/servidor_minecraft/mods}, reader: mod manifest]
[12Jun2026 21:14:56.326] [main/INFO] [net.neoforged.fml.loading.moddiscovery.ModDiscoverer/SCAN]: Found mod file "enderscape-neoforge-1.0.9+mc1.21.1.jar" [locator: {mods folder locator at /workspaces/RPG-Svs/servidor_minecraft/mods}, reader: mod manifest]
[12Jun2026 21:14:56.329] [main/INFO] [net.neoforged.fml.loading.moddiscovery.ModDiscoverer/SCAN]: Found mod file "endrem-neoforge-1.21.X-6.0.2.jar" [locator: {mods folder locator at /workspaces/RPG-Svs/servidor_minecraft/mods}, reader: mod manifest]
[12Jun2026 21:14:56.332] [main/INFO] [net.neoforged.fml.loading.moddiscovery.ModDiscoverer/SCAN]: Found mod file "EternalNether-v21.1.3-1.21.1-NeoForge.jar" [locator: {mods folder locator at /workspaces/RPG-Svs/servidor_minecraft/mods}, reader: mod manifest]
[12Jun2026 21:14:56.337] [main/INFO] [net.neoforged.fml.loading.moddiscovery.ModDiscoverer/SCAN]: Found mod file "eternalstarlight-0.7.0-hotfix+1.21.1+neoforge.jar" [locator: {mods folder locator at /workspaces/RPG-Svs/servidor_minecraft/mods}, reader: mod manifest]
[12Jun2026 21:14:56.339] [main/INFO] [net.neoforged.fml.loading.moddiscovery.ModDiscoverer/SCAN]: Found mod file "ExclusionsLib-1.1.0-NEO.jar" [locator: {mods folder locator at /workspaces/RPG-Svs/servidor_minecraft/mods}, reader: mod manifest]
[12Jun2026 21:14:56.340] [main/INFO] [net.neoforged.fml.loading.moddiscovery.ModDiscoverer/SCAN]: Found mod file "ExplorersCompass-1.21.1-3.4.0-neoforge.jar" [locator: {mods folder locator at /workspaces/RPG-Svs/servidor_minecraft/mods}, reader: mod manifest]
[12Jun2026 21:14:56.342] [main/INFO] [net.neoforged.fml.loading.moddiscovery.ModDiscoverer/SCAN]: Found mod file "fastasyncworldsave-1.21-2.6.jar" [locator: {mods folder locator at /workspaces/RPG-Svs/servidor_minecraft/mods}, reader: mod manifest]
[12Jun2026 21:14:56.344] [main/INFO] [net.neoforged.fml.loading.moddiscovery.ModDiscoverer/SCAN]: Found mod file "FastItemFrames-v21.1.6-1.21.1-NeoForge.jar" [locator: {mods folder locator at /workspaces/RPG-Svs/servidor_minecraft/mods}, reader: mod manifest]
[12Jun2026 21:14:56.351] [main/INFO] [net.neoforged.fml.loading.moddiscovery.ModDiscoverer/SCAN]: Found mod file "ferritecore-7.0.3-neoforge.jar" [locator: {mods folder locator at /workspaces/RPG-Svs/servidor_minecraft/mods}, reader: mod manifest]
[12Jun2026 21:14:56.353] [main/INFO] [net.neoforged.fml.loading.moddiscovery.ModDiscoverer/SCAN]: Found mod file "fieldguide-neoforge-1.21.1-1.7.5.jar" [locator: {mods folder locator at /workspaces/RPG-Svs/servidor_minecraft/mods}, reader: mod manifest]
[12Jun2026 21:14:56.354] [main/INFO] [net.neoforged.fml.loading.moddiscovery.ModDiscoverer/SCAN]: Found mod file "fixmyspawnr-neoforge-1.21.1-3.0.2.jar" [locator: {mods folder locator at /workspaces/RPG-Svs/servidor_minecraft/mods}, reader: mod manifest]
[12Jun2026 21:14:56.355] [main/INFO] [net.neoforged.fml.loading.moddiscovery.ModDiscoverer/SCAN]: Found mod file "forgified-fabric-api-0.116.7+2.2.4+1.21.1.jar" [locator: {mods folder locator at /workspaces/RPG-Svs/servidor_minecraft/mods}, reader: mod manifest]
[12Jun2026 21:14:56.358] [main/INFO] [net.neoforged.fml.loading.moddiscovery.ModDiscoverer/SCAN]: Found mod file "fzzy_config-0.7.6+1.21+neoforge.jar" [locator: {mods folder locator at /workspaces/RPG-Svs/servidor_minecraft/mods}, reader: mod manifest]
[12Jun2026 21:14:56.361] [main/INFO] [net.neoforged.fml.loading.moddiscovery.ModDiscoverer/SCAN]: Found mod file "Galosphere-1.21.1-1.5.3-NeoForge.jar" [locator: {mods folder locator at /workspaces/RPG-Svs/servidor_minecraft/mods}, reader: mod manifest]
[12Jun2026 21:14:56.362] [main/INFO] [net.neoforged.fml.loading.moddiscovery.ModDiscoverer/SCAN]: Found mod file "geckolib-neoforge-1.21.1-4.8.4.jar" [locator: {mods folder locator at /workspaces/RPG-Svs/servidor_minecraft/mods}, reader: mod manifest]
[12Jun2026 21:14:56.364] [main/INFO] [net.neoforged.fml.loading.moddiscovery.ModDiscoverer/SCAN]: Found mod file "getittogetherdrops-neoforge-1.21.5-1.4.jar" [locator: {mods folder locator at /workspaces/RPG-Svs/servidor_minecraft/mods}, reader: mod manifest]
[12Jun2026 21:14:56.366] [main/INFO] [net.neoforged.fml.loading.moddiscovery.ModDiscoverer/SCAN]: Found mod file "gnetum-3.3.2.jar" [locator: {mods folder locator at /workspaces/RPG-Svs/servidor_minecraft/mods}, reader: mod manifest]
[12Jun2026 21:14:56.368] [main/INFO] [net.neoforged.fml.loading.moddiscovery.ModDiscoverer/SCAN]: Found mod file "Gobber-NeoForge-1.21.1-2.10.15.jar" [locator: {mods folder locator at /workspaces/RPG-Svs/servidor_minecraft/mods}, reader: mod manifest]
[12Jun2026 21:14:56.372] [main/INFO] [net.neoforged.fml.loading.moddiscovery.ModDiscoverer/SCAN]: Found mod file "grim-kingdoms-lost-structures-ruins-vanilla-edition-v1.0.0 1.21+.jar" [locator: {mods folder locator at /workspaces/RPG-Svs/servidor_minecraft/mods}, reader: mod manifest]
[12Jun2026 21:14:56.374] [main/INFO] [net.neoforged.fml.loading.moddiscovery.ModDiscoverer/SCAN]: Found mod file "guardvillagers-2.4.7-1.21.1.jar" [locator: {mods folder locator at /workspaces/RPG-Svs/servidor_minecraft/mods}, reader: mod manifest]
[12Jun2026 21:14:56.376] [main/INFO] [net.neoforged.fml.loading.moddiscovery.ModDiscoverer/SCAN]: Found mod file "hominid-1.3.2.jar" [locator: {mods folder locator at /workspaces/RPG-Svs/servidor_minecraft/mods}, reader: mod manifest]
[12Jun2026 21:14:56.378] [main/INFO] [net.neoforged.fml.loading.moddiscovery.ModDiscoverer/SCAN]: Found mod file "horseman-neoforge-1.21.1-1.5.9.jar" [locator: {mods folder locator at /workspaces/RPG-Svs/servidor_minecraft/mods}, reader: mod manifest]
[12Jun2026 21:14:56.380] [main/INFO] [net.neoforged.fml.loading.moddiscovery.ModDiscoverer/SCAN]: Found mod file "irons_lib-1.21.1-1.0.2.jar" [locator: {mods folder locator at /workspaces/RPG-Svs/servidor_minecraft/mods}, reader: mod manifest]
[12Jun2026 21:14:56.384] [main/INFO] [net.neoforged.fml.loading.moddiscovery.ModDiscoverer/SCAN]: Found mod file "irons_spellbooks-1.21.1-3.15.6.jar" [locator: {mods folder locator at /workspaces/RPG-Svs/servidor_minecraft/mods}, reader: mod manifest]
[12Jun2026 21:14:56.385] [main/INFO] [net.neoforged.fml.loading.moddiscovery.ModDiscoverer/SCAN]: Found mod file "irons_spells_dynamic_skilltree_1.1.0.jar" [locator: {mods folder locator at /workspaces/RPG-Svs/servidor_minecraft/mods}, reader: mod manifest]
[12Jun2026 21:14:56.390] [main/INFO] [net.neoforged.fml.loading.moddiscovery.ModDiscoverer/SCAN]: Found mod file "Jade-1.21.1-NeoForge-15.10.5.jar" [locator: {mods folder locator at /workspaces/RPG-Svs/servidor_minecraft/mods}, reader: mod manifest]
[12Jun2026 21:14:56.391] [main/INFO] [net.neoforged.fml.loading.moddiscovery.ModDiscoverer/SCAN]: Found mod file "jewelry-neoforge-2.3.2+1.21.1.jar" [locator: {mods folder locator at /workspaces/RPG-Svs/servidor_minecraft/mods}, reader: mod manifest]
[12Jun2026 21:14:56.392] [main/INFO] [net.neoforged.fml.loading.moddiscovery.ModDiscoverer/SCAN]: Found mod file "just-hammers-neoforge-21.1.4.jar" [locator: {mods folder locator at /workspaces/RPG-Svs/servidor_minecraft/mods}, reader: mod manifest]
[12Jun2026 21:14:56.397] [main/INFO] [net.neoforged.fml.loading.moddiscovery.ModDiscoverer/SCAN]: Found mod file "kaleidoscopecookery-1.3.0-neoforge+mc1.21.1.jar" [locator: {mods folder locator at /workspaces/RPG-Svs/servidor_minecraft/mods}, reader: mod manifest]
[12Jun2026 21:14:56.399] [main/INFO] [net.neoforged.fml.loading.moddiscovery.ModDiscoverer/SCAN]: Found mod file "kambrik-neoforge-8.0.0-beta.2.jar" [locator: {mods folder locator at /workspaces/RPG-Svs/servidor_minecraft/mods}, reader: mod manifest]
[12Jun2026 21:14:56.403] [main/INFO] [net.neoforged.fml.loading.moddiscovery.ModDiscoverer/SCAN]: Found mod file "konkrete_neoforge_1.9.9_MC_1.21.jar" [locator: {mods folder locator at /workspaces/RPG-Svs/servidor_minecraft/mods}, reader: mod manifest]
[12Jun2026 21:14:56.406] [main/INFO] [net.neoforged.fml.loading.moddiscovery.ModDiscoverer/SCAN]: Found library file "kotlinforforge-5.11.0-all.jar" [locator: {mods folder locator at /workspaces/RPG-Svs/servidor_minecraft/mods}, reader: mod manifest]
[12Jun2026 21:14:56.409] [main/INFO] [net.neoforged.fml.loading.moddiscovery.ModDiscoverer/SCAN]: Found mod file "krypton_fnp-neoforge-1.21.1-0.2.28.1-1.21.1.jar" [locator: {mods folder locator at /workspaces/RPG-Svs/servidor_minecraft/mods}, reader: mod manifest]
[12Jun2026 21:14:56.413] [main/INFO] [net.neoforged.fml.loading.moddiscovery.ModDiscoverer/SCAN]: Found mod file "L_Ender's Cataclysm 1.21.1-3.27.jar" [locator: {mods folder locator at /workspaces/RPG-Svs/servidor_minecraft/mods}, reader: mod manifest]
[12Jun2026 21:14:56.416] [main/INFO] [net.neoforged.fml.loading.moddiscovery.ModDiscoverer/SCAN]: Found mod file "letsdo-bloomingnature-neoforge-1.1.10.jar" [locator: {mods folder locator at /workspaces/RPG-Svs/servidor_minecraft/mods}, reader: mod manifest]
[12Jun2026 21:14:56.418] [main/INFO] [net.neoforged.fml.loading.moddiscovery.ModDiscoverer/SCAN]: Found mod file "letsdo-furniture-neoforge-1.1.4.jar" [locator: {mods folder locator at /workspaces/RPG-Svs/servidor_minecraft/mods}, reader: mod manifest]
[12Jun2026 21:14:56.419] [main/INFO] [net.neoforged.fml.loading.moddiscovery.ModDiscoverer/SCAN]: Found mod file "letsdo-lilis_lucky_lures-neoforge-1.1.3.jar" [locator: {mods folder locator at /workspaces/RPG-Svs/servidor_minecraft/mods}, reader: mod manifest]
[12Jun2026 21:14:56.421] [main/INFO] [net.neoforged.fml.loading.moddiscovery.ModDiscoverer/SCAN]: Found mod file "letsdo-wildernature-neoforge-1.1.3.jar" [locator: {mods folder locator at /workspaces/RPG-Svs/servidor_minecraft/mods}, reader: mod manifest]
[12Jun2026 21:14:56.423] [main/INFO] [net.neoforged.fml.loading.moddiscovery.ModDiscoverer/SCAN]: Found mod file "limitedchunks-1.21-4.1.jar" [locator: {mods folder locator at /workspaces/RPG-Svs/servidor_minecraft/mods}, reader: mod manifest]
[12Jun2026 21:14:56.424] [main/INFO] [net.neoforged.fml.loading.moddiscovery.ModDiscoverer/SCAN]: Found mod file "lionfishapi-2.7-fix-fix.jar" [locator: {mods folder locator at /workspaces/RPG-Svs/servidor_minecraft/mods}, reader: mod manifest]
[12Jun2026 21:14:56.426] [main/INFO] [net.neoforged.fml.loading.moddiscovery.ModDiscoverer/SCAN]: Found mod file "lithium-neoforge-0.15.3+mc1.21.1.jar" [locator: {mods folder locator at /workspaces/RPG-Svs/servidor_minecraft/mods}, reader: mod manifest]
[12Jun2026 21:14:56.427] [main/INFO] [net.neoforged.fml.loading.moddiscovery.ModDiscoverer/SCAN]: Found mod file "lithostitched-1.7.3-neoforge-21.1.jar" [locator: {mods folder locator at /workspaces/RPG-Svs/servidor_minecraft/mods}, reader: mod manifest]
[12Jun2026 21:14:56.429] [main/INFO] [net.neoforged.fml.loading.moddiscovery.ModDiscoverer/SCAN]: Found mod file "lmft-1.1.1+1.21.9-neoforge.jar" [locator: {mods folder locator at /workspaces/RPG-Svs/servidor_minecraft/mods}, reader: mod manifest]
[12Jun2026 21:14:56.432] [main/INFO] [net.neoforged.fml.loading.moddiscovery.ModDiscoverer/SCAN]: Found mod file "lootr-neoforge-1.21.1-1.11.37.120.jar" [locator: {mods folder locator at /workspaces/RPG-Svs/servidor_minecraft/mods}, reader: mod manifest]
[12Jun2026 21:14:56.434] [main/INFO] [net.neoforged.fml.loading.moddiscovery.ModDiscoverer/SCAN]: Found mod file "luckysshowcase-neoforge-1.21.1-21.1.0.jar" [locator: {mods folder locator at /workspaces/RPG-Svs/servidor_minecraft/mods}, reader: mod manifest]
[12Jun2026 21:14:56.435] [main/INFO] [net.neoforged.fml.loading.moddiscovery.ModDiscoverer/SCAN]: Found mod file "lukis-crazy-chambers-1.0.3.jar" [locator: {mods folder locator at /workspaces/RPG-Svs/servidor_minecraft/mods}, reader: mod manifest]
[12Jun2026 21:14:56.437] [main/INFO] [net.neoforged.fml.loading.moddiscovery.ModDiscoverer/SCAN]: Found mod file "lukis-grand-capitals-1.1.3.jar" [locator: {mods folder locator at /workspaces/RPG-Svs/servidor_minecraft/mods}, reader: mod manifest]
[12Jun2026 21:14:56.440] [main/INFO] [net.neoforged.fml.loading.moddiscovery.ModDiscoverer/SCAN]: Found mod file "lukis-strongholds-v1.0 -1.21-1.21.4.jar" [locator: {mods folder locator at /workspaces/RPG-Svs/servidor_minecraft/mods}, reader: mod manifest]
[12Jun2026 21:14:56.442] [main/INFO] [net.neoforged.fml.loading.moddiscovery.ModDiscoverer/SCAN]: Found mod file "maxhealthfix-neoforge-1.21.1-21.1.4.jar" [locator: {mods folder locator at /workspaces/RPG-Svs/servidor_minecraft/mods}, reader: mod manifest]
[12Jun2026 21:14:56.443] [main/INFO] [net.neoforged.fml.loading.moddiscovery.ModDiscoverer/SCAN]: Found mod file "melody_neoforge_1.0.10_MC_1.21.jar" [locator: {mods folder locator at /workspaces/RPG-Svs/servidor_minecraft/mods}, reader: mod manifest]
[12Jun2026 21:14:56.445] [main/INFO] [net.neoforged.fml.loading.moddiscovery.ModDiscoverer/SCAN]: Found mod file "MetalBundles-v21.1.1-1.21.1-NeoForge.jar" [locator: {mods folder locator at /workspaces/RPG-Svs/servidor_minecraft/mods}, reader: mod manifest]
[12Jun2026 21:14:56.450] [main/INFO] [net.neoforged.fml.loading.moddiscovery.ModDiscoverer/SCAN]: Found mod file "modernfix-neoforge-5.27.7+mc1.21.1.jar" [locator: {mods folder locator at /workspaces/RPG-Svs/servidor_minecraft/mods}, reader: mod manifest]
[12Jun2026 21:14:56.451] [main/INFO] [net.neoforged.fml.loading.moddiscovery.ModDiscoverer/SCAN]: Found mod file "modonomicon-1.21.1-neoforge-1.120.1.jar" [locator: {mods folder locator at /workspaces/RPG-Svs/servidor_minecraft/mods}, reader: mod manifest]
[12Jun2026 21:14:56.456] [main/INFO] [net.neoforged.fml.loading.moddiscovery.ModDiscoverer/SCAN]: Found mod file "moonlight-neoforge-1.21.1-3.0.7.jar" [locator: {mods folder locator at /workspaces/RPG-Svs/servidor_minecraft/mods}, reader: mod manifest]
[12Jun2026 21:14:56.458] [main/INFO] [net.neoforged.fml.loading.moddiscovery.ModDiscoverer/SCAN]: Found mod file "mowziesmobs-1.21.1-1.8.2.jar" [locator: {mods folder locator at /workspaces/RPG-Svs/servidor_minecraft/mods}, reader: mod manifest]
[12Jun2026 21:14:56.460] [main/INFO] [net.neoforged.fml.loading.moddiscovery.ModDiscoverer/SCAN]: Found mod file "mythsandlegends-0.0.8.5.jar" [locator: {mods folder locator at /workspaces/RPG-Svs/servidor_minecraft/mods}, reader: mod manifest]
[12Jun2026 21:14:56.461] [main/INFO] [net.neoforged.fml.loading.moddiscovery.ModDiscoverer/SCAN]: Found mod file "NaturesCompass-1.21.1-3.4.0-neoforge.jar" [locator: {mods folder locator at /workspaces/RPG-Svs/servidor_minecraft/mods}, reader: mod manifest]
[12Jun2026 21:14:56.462] [main/INFO] [net.neoforged.fml.loading.moddiscovery.ModDiscoverer/SCAN]: Found mod file "Necronomicon-NeoForge-1.6.0+1.21.jar" [locator: {mods folder locator at /workspaces/RPG-Svs/servidor_minecraft/mods}, reader: mod manifest]
[12Jun2026 21:14:56.464] [main/INFO] [net.neoforged.fml.loading.moddiscovery.ModDiscoverer/SCAN]: Found mod file "neobeefix-1.21.1-2.0.0.jar" [locator: {mods folder locator at /workspaces/RPG-Svs/servidor_minecraft/mods}, reader: mod manifest]
[12Jun2026 21:14:56.466] [main/INFO] [net.neoforged.fml.loading.moddiscovery.ModDiscoverer/SCAN]: Found mod file "noisium-neoforge-2.7.0+mc1.21-1.21.1.jar" [locator: {mods folder locator at /workspaces/RPG-Svs/servidor_minecraft/mods}, reader: mod manifest]
[12Jun2026 21:14:56.468] [main/INFO] [net.neoforged.fml.loading.moddiscovery.ModDiscoverer/SCAN]: Found mod file "nopackcompatcheck-0.1.0-neoforge-mc1.21+.jar" [locator: {mods folder locator at /workspaces/RPG-Svs/servidor_minecraft/mods}, reader: mod manifest]
[12Jun2026 21:14:56.469] [main/INFO] [net.neoforged.fml.loading.moddiscovery.ModDiscoverer/SCAN]: Found mod file "Numismatic-Bounties-universal.jar" [locator: {mods folder locator at /workspaces/RPG-Svs/servidor_minecraft/mods}, reader: mod manifest]
[12Jun2026 21:14:56.471] [main/INFO] [net.neoforged.fml.loading.moddiscovery.ModDiscoverer/SCAN]: Found mod file "numismaticoverhaul-1.21.1-2.0.1.jar" [locator: {mods folder locator at /workspaces/RPG-Svs/servidor_minecraft/mods}, reader: mod manifest]
[12Jun2026 21:14:56.473] [main/INFO] [net.neoforged.fml.loading.moddiscovery.ModDiscoverer/SCAN]: Found mod file "OctoLib-NEOFORGE-0.6.2+1.21.jar" [locator: {mods folder locator at /workspaces/RPG-Svs/servidor_minecraft/mods}, reader: mod manifest]
[12Jun2026 21:14:56.475] [main/INFO] [net.neoforged.fml.loading.moddiscovery.ModDiscoverer/SCAN]: Found mod file "owo-lib-neoforge-0.12.15.5-beta.1+1.21.jar" [locator: {mods folder locator at /workspaces/RPG-Svs/servidor_minecraft/mods}, reader: mod manifest]
[12Jun2026 21:14:56.477] [main/INFO] [net.neoforged.fml.loading.moddiscovery.ModDiscoverer/SCAN]: Found mod file "paladins-neoforge-2.7.1+1.21.1.jar" [locator: {mods folder locator at /workspaces/RPG-Svs/servidor_minecraft/mods}, reader: mod manifest]
[12Jun2026 21:14:56.479] [main/INFO] [net.neoforged.fml.loading.moddiscovery.ModDiscoverer/SCAN]: Found mod file "Paraglider-neoforge-21.1.5.jar" [locator: {mods folder locator at /workspaces/RPG-Svs/servidor_minecraft/mods}, reader: mod manifest]
[12Jun2026 21:14:56.485] [main/INFO] [net.neoforged.fml.loading.moddiscovery.ModDiscoverer/SCAN]: Found mod file "Pastel-1.1.5.5.jar" [locator: {mods folder locator at /workspaces/RPG-Svs/servidor_minecraft/mods}, reader: mod manifest]
[12Jun2026 21:14:56.486] [main/INFO] [net.neoforged.fml.loading.moddiscovery.ModDiscoverer/SCAN]: Found mod file "player-animation-lib-forge-2.0.4+1.21.1.jar" [locator: {mods folder locator at /workspaces/RPG-Svs/servidor_minecraft/mods}, reader: mod manifest]
[12Jun2026 21:14:56.488] [main/INFO] [net.neoforged.fml.loading.moddiscovery.ModDiscoverer/SCAN]: Found mod file "polymorph-neoforge-1.1.0+1.21.1.jar" [locator: {mods folder locator at /workspaces/RPG-Svs/servidor_minecraft/mods}, reader: mod manifest]
[12Jun2026 21:14:56.490] [main/INFO] [net.neoforged.fml.loading.moddiscovery.ModDiscoverer/SCAN]: Found mod file "power-scale-1.21.1-neoforge-0.3.1.1.jar" [locator: {mods folder locator at /workspaces/RPG-Svs/servidor_minecraft/mods}, reader: mod manifest]
[12Jun2026 21:14:56.491] [main/INFO] [net.neoforged.fml.loading.moddiscovery.ModDiscoverer/SCAN]: Found mod file "prickle-neoforge-1.21.1-21.1.11.jar" [locator: {mods folder locator at /workspaces/RPG-Svs/servidor_minecraft/mods}, reader: mod manifest]
[12Jun2026 21:14:56.495] [main/INFO] [net.neoforged.fml.loading.moddiscovery.ModDiscoverer/SCAN]: Found mod file "primal-1.1.6+1.21.jar" [locator: {mods folder locator at /workspaces/RPG-Svs/servidor_minecraft/mods}, reader: mod manifest]
[12Jun2026 21:14:56.496] [main/INFO] [net.neoforged.fml.loading.moddiscovery.ModDiscoverer/SCAN]: Found mod file "pufferfish_unofficial_additions-1.21.1-2.2.8.jar" [locator: {mods folder locator at /workspaces/RPG-Svs/servidor_minecraft/mods}, reader: mod manifest]
[12Jun2026 21:14:56.497] [main/INFO] [net.neoforged.fml.loading.moddiscovery.ModDiscoverer/SCAN]: Found mod file "puffish_attributes-0.8.2-1.21-neoforge.jar" [locator: {mods folder locator at /workspaces/RPG-Svs/servidor_minecraft/mods}, reader: mod manifest]
[12Jun2026 21:14:56.498] [main/INFO] [net.neoforged.fml.loading.moddiscovery.ModDiscoverer/SCAN]: Found mod file "puffish_skills-0.17.3-1.21-neoforge.jar" [locator: {mods folder locator at /workspaces/RPG-Svs/servidor_minecraft/mods}, reader: mod manifest]
[12Jun2026 21:14:56.500] [main/INFO] [net.neoforged.fml.loading.moddiscovery.ModDiscoverer/SCAN]: Found mod file "PuzzlesLib-v21.1.39-1.21.1-NeoForge.jar" [locator: {mods folder locator at /workspaces/RPG-Svs/servidor_minecraft/mods}, reader: mod manifest]
[12Jun2026 21:14:56.501] [main/INFO] [net.neoforged.fml.loading.moddiscovery.ModDiscoverer/SCAN]: Found mod file "ranged_weapon_api-neoforge-2.3.3+1.21.1.jar" [locator: {mods folder locator at /workspaces/RPG-Svs/servidor_minecraft/mods}, reader: mod manifest]
[12Jun2026 21:14:56.503] [main/INFO] [net.neoforged.fml.loading.moddiscovery.ModDiscoverer/SCAN]: Found mod file "realmrpg_balloons-0.9.1-neoforge-1.21.1.jar" [locator: {mods folder locator at /workspaces/RPG-Svs/servidor_minecraft/mods}, reader: mod manifest]
[12Jun2026 21:14:56.505] [main/INFO] [net.neoforged.fml.loading.moddiscovery.ModDiscoverer/SCAN]: Found mod file "realmrpg_skeletons-1.1.0-neoforge-1.21.1.jar" [locator: {mods folder locator at /workspaces/RPG-Svs/servidor_minecraft/mods}, reader: mod manifest]
[12Jun2026 21:14:56.507] [main/INFO] [net.neoforged.fml.loading.moddiscovery.ModDiscoverer/SCAN]: Found mod file "reanimal-0.6.0.jar" [locator: {mods folder locator at /workspaces/RPG-Svs/servidor_minecraft/mods}, reader: mod manifest]
[12Jun2026 21:14:56.510] [main/INFO] [net.neoforged.fml.loading.moddiscovery.ModDiscoverer/SCAN]: Found mod file "regions-unexplored-0.6+beta4-neoforge-21.1.jar" [locator: {mods folder locator at /workspaces/RPG-Svs/servidor_minecraft/mods}, reader: mod manifest]
[12Jun2026 21:14:56.511] [main/INFO] [net.neoforged.fml.loading.moddiscovery.ModDiscoverer/SCAN]: Found mod file "relics-neoforge-1.3.0+1.21.1.jar" [locator: {mods folder locator at /workspaces/RPG-Svs/servidor_minecraft/mods}, reader: mod manifest]
[12Jun2026 21:14:56.512] [main/INFO] [net.neoforged.fml.loading.moddiscovery.ModDiscoverer/SCAN]: Found mod file "resourcefulconfig-neoforge-1.21-3.0.11.jar" [locator: {mods folder locator at /workspaces/RPG-Svs/servidor_minecraft/mods}, reader: mod manifest]
[12Jun2026 21:14:56.514] [main/INFO] [net.neoforged.fml.loading.moddiscovery.ModDiscoverer/SCAN]: Found mod file "rogues-neoforge-2.7.0+1.21.1.jar" [locator: {mods folder locator at /workspaces/RPG-Svs/servidor_minecraft/mods}, reader: mod manifest]
[12Jun2026 21:14:56.515] [main/INFO] [net.neoforged.fml.loading.moddiscovery.ModDiscoverer/SCAN]: Found mod file "rpgtimeline-neoforge-1.21-2.0.4.1.jar" [locator: {mods folder locator at /workspaces/RPG-Svs/servidor_minecraft/mods}, reader: mod manifest]
[12Jun2026 21:14:56.516] [main/INFO] [net.neoforged.fml.loading.moddiscovery.ModDiscoverer/SCAN]: Found mod file "runes-neoforge-1.2.1+1.21.1.jar" [locator: {mods folder locator at /workspaces/RPG-Svs/servidor_minecraft/mods}, reader: mod manifest]
[12Jun2026 21:14:56.518] [main/INFO] [net.neoforged.fml.loading.moddiscovery.ModDiscoverer/SCAN]: Found mod file "saintsdragons-1.20.1-0.6.1-NEOFORGE-ALPHA-HOTFIX.jar" [locator: {mods folder locator at /workspaces/RPG-Svs/servidor_minecraft/mods}, reader: mod manifest]
[12Jun2026 21:14:56.519] [main/INFO] [net.neoforged.fml.loading.moddiscovery.ModDiscoverer/SCAN]: Found mod file "ScalableLux-0.1.0.1+neoforge.1cb1e91-all.jar" [locator: {mods folder locator at /workspaces/RPG-Svs/servidor_minecraft/mods}, reader: mod manifest]
[12Jun2026 21:14:56.520] [main/INFO] [net.neoforged.fml.loading.moddiscovery.ModDiscoverer/SCAN]: Found mod file "Searchables-neoforge-1.21.1-1.0.2.jar" [locator: {mods folder locator at /workspaces/RPG-Svs/servidor_minecraft/mods}, reader: mod manifest]
[12Jun2026 21:14:56.521] [main/INFO] [net.neoforged.fml.loading.moddiscovery.ModDiscoverer/SCAN]: Found mod file "sharedadvancements-neoforge-1.21.X-6.1.0.jar" [locator: {mods folder locator at /workspaces/RPG-Svs/servidor_minecraft/mods}, reader: mod manifest]
[12Jun2026 21:14:56.522] [main/INFO] [net.neoforged.fml.loading.moddiscovery.ModDiscoverer/SCAN]: Found mod file "shield_api-neoforge-2.2.0.jar" [locator: {mods folder locator at /workspaces/RPG-Svs/servidor_minecraft/mods}, reader: mod manifest]
[12Jun2026 21:14:56.523] [main/INFO] [net.neoforged.fml.loading.moddiscovery.ModDiscoverer/SCAN]: Found mod file "shieldexp-neoforge-1.21.1-1.4.1.jar" [locator: {mods folder locator at /workspaces/RPG-Svs/servidor_minecraft/mods}, reader: mod manifest]
[12Jun2026 21:14:56.524] [main/INFO] [net.neoforged.fml.loading.moddiscovery.ModDiscoverer/SCAN]: Found mod file "silent-lib-1.21.1-neoforge-10.6.0.jar" [locator: {mods folder locator at /workspaces/RPG-Svs/servidor_minecraft/mods}, reader: mod manifest]
[12Jun2026 21:14:56.526] [main/INFO] [net.neoforged.fml.loading.moddiscovery.ModDiscoverer/SCAN]: Found mod file "skill_tree-neoforge-1.4.4+1.21.1.jar" [locator: {mods folder locator at /workspaces/RPG-Svs/servidor_minecraft/mods}, reader: mod manifest]
[12Jun2026 21:14:56.527] [main/INFO] [net.neoforged.fml.loading.moddiscovery.ModDiscoverer/SCAN]: Found mod file "sleep_tight-1.21-1.4.1-neoforge.jar" [locator: {mods folder locator at /workspaces/RPG-Svs/servidor_minecraft/mods}, reader: mod manifest]
[12Jun2026 21:14:56.529] [main/INFO] [net.neoforged.fml.loading.moddiscovery.ModDiscoverer/SCAN]: Found mod file "sophisticatedbackpacks-1.21.1-3.25.44.1736.jar" [locator: {mods folder locator at /workspaces/RPG-Svs/servidor_minecraft/mods}, reader: mod manifest]
[12Jun2026 21:14:56.531] [main/INFO] [net.neoforged.fml.loading.moddiscovery.ModDiscoverer/SCAN]: Found mod file "sophisticatedcore-1.21.1-1.4.38.1847.jar" [locator: {mods folder locator at /workspaces/RPG-Svs/servidor_minecraft/mods}, reader: mod manifest]
[12Jun2026 21:14:56.533] [main/INFO] [net.neoforged.fml.loading.moddiscovery.ModDiscoverer/SCAN]: Found mod file "sophisticatedstorage-1.21.1-1.5.46.1717.jar" [locator: {mods folder locator at /workspaces/RPG-Svs/servidor_minecraft/mods}, reader: mod manifest]
[12Jun2026 21:14:56.535] [main/INFO] [net.neoforged.fml.loading.moddiscovery.ModDiscoverer/SCAN]: Found mod file "soul_incursion-1.1.3-neoforge-1.21.1.jar" [locator: {mods folder locator at /workspaces/RPG-Svs/servidor_minecraft/mods}, reader: mod manifest]
[12Jun2026 21:14:56.537] [main/INFO] [net.neoforged.fml.loading.moddiscovery.ModDiscoverer/SCAN]: Found mod file "spark-1.10.124-neoforge.jar" [locator: {mods folder locator at /workspaces/RPG-Svs/servidor_minecraft/mods}, reader: mod manifest]
[12Jun2026 21:14:56.539] [main/INFO] [net.neoforged.fml.loading.moddiscovery.ModDiscoverer/SCAN]: Found mod file "spell_engine-neoforge-1.9.9+1.21.1.jar" [locator: {mods folder locator at /workspaces/RPG-Svs/servidor_minecraft/mods}, reader: mod manifest]
[12Jun2026 21:14:56.540] [main/INFO] [net.neoforged.fml.loading.moddiscovery.ModDiscoverer/SCAN]: Found mod file "spell_power-neoforge-1.4.6+1.21.1.jar" [locator: {mods folder locator at /workspaces/RPG-Svs/servidor_minecraft/mods}, reader: mod manifest]
[12Jun2026 21:14:56.543] [main/INFO] [net.neoforged.fml.loading.moddiscovery.ModDiscoverer/SCAN]: Found mod file "starcatcher-2.3.9-NEOFORGE-1.21.1.jar" [locator: {mods folder locator at /workspaces/RPG-Svs/servidor_minecraft/mods}, reader: mod manifest]
[12Jun2026 21:14:56.545] [main/INFO] [net.neoforged.fml.loading.moddiscovery.ModDiscoverer/SCAN]: Found mod file "structure_layout_optimizer-neoforge-1.0.12.jar" [locator: {mods folder locator at /workspaces/RPG-Svs/servidor_minecraft/mods}, reader: mod manifest]
[12Jun2026 21:14:56.546] [main/INFO] [net.neoforged.fml.loading.moddiscovery.ModDiscoverer/SCAN]: Found mod file "structure_pool_api-neoforge-1.2.1+1.21.1.jar" [locator: {mods folder locator at /workspaces/RPG-Svs/servidor_minecraft/mods}, reader: mod manifest]
[12Jun2026 21:14:56.547] [main/INFO] [net.neoforged.fml.loading.moddiscovery.ModDiscoverer/SCAN]: Found mod file "structureessentials-1.21.1-5.0.jar" [locator: {mods folder locator at /workspaces/RPG-Svs/servidor_minecraft/mods}, reader: mod manifest]
[12Jun2026 21:14:56.548] [main/INFO] [net.neoforged.fml.loading.moddiscovery.ModDiscoverer/SCAN]: Found mod file "sweety_archaeology-1.0.9b-neoforge-1.21.1.jar" [locator: {mods folder locator at /workspaces/RPG-Svs/servidor_minecraft/mods}, reader: mod manifest]
[12Jun2026 21:14:56.580] [main/INFO] [net.neoforged.fml.loading.moddiscovery.ModDiscoverer/SCAN]: Found mod file "terra_entity-1.2.3.jar" [locator: {mods folder locator at /workspaces/RPG-Svs/servidor_minecraft/mods}, reader: mod manifest]
[12Jun2026 21:14:56.582] [main/INFO] [net.neoforged.fml.loading.moddiscovery.ModDiscoverer/SCAN]: Found mod file "TerraBlender-neoforge-1.21.1-4.1.0.8.jar" [locator: {mods folder locator at /workspaces/RPG-Svs/servidor_minecraft/mods}, reader: mod manifest]
[12Jun2026 21:14:56.583] [main/INFO] [net.neoforged.fml.loading.moddiscovery.ModDiscoverer/SCAN]: Found mod file "terrablenderfix-neoforge-1.21.1-0.0.1.jar" [locator: {mods folder locator at /workspaces/RPG-Svs/servidor_minecraft/mods}, reader: mod manifest]
[12Jun2026 21:14:56.586] [main/INFO] [net.neoforged.fml.loading.moddiscovery.ModDiscoverer/SCAN]: Found mod file "The_Undergarden-1.21.1-0.9.6.jar" [locator: {mods folder locator at /workspaces/RPG-Svs/servidor_minecraft/mods}, reader: mod manifest]
[12Jun2026 21:14:56.599] [main/INFO] [net.neoforged.fml.loading.moddiscovery.ModDiscoverer/SCAN]: Found mod file "travelerscompass-neoforge-1.21.1-4.0.05.jar" [locator: {mods folder locator at /workspaces/RPG-Svs/servidor_minecraft/mods}, reader: mod manifest]
[12Jun2026 21:14:56.601] [main/INFO] [net.neoforged.fml.loading.moddiscovery.ModDiscoverer/SCAN]: Found mod file "travelertoolbelt-neoforge-1.21.1-1.0.1.jar" [locator: {mods folder locator at /workspaces/RPG-Svs/servidor_minecraft/mods}, reader: mod manifest]
[12Jun2026 21:14:56.603] [main/INFO] [net.neoforged.fml.loading.moddiscovery.ModDiscoverer/SCAN]: Found mod file "TreeChop-1.21.1-neoforge-0.19.3.jar" [locator: {mods folder locator at /workspaces/RPG-Svs/servidor_minecraft/mods}, reader: mod manifest]
[12Jun2026 21:14:56.604] [main/INFO] [net.neoforged.fml.loading.moddiscovery.ModDiscoverer/SCAN]: Found mod file "trimmed-neo-1.21-3.0.0.jar" [locator: {mods folder locator at /workspaces/RPG-Svs/servidor_minecraft/mods}, reader: mod manifest]
[12Jun2026 21:14:56.606] [main/INFO] [net.neoforged.fml.loading.moddiscovery.ModDiscoverer/SCAN]: Found mod file "unusualend-2.2.1.jar" [locator: {mods folder locator at /workspaces/RPG-Svs/servidor_minecraft/mods}, reader: mod manifest]
[12Jun2026 21:14:56.607] [main/INFO] [net.neoforged.fml.loading.moddiscovery.ModDiscoverer/SCAN]: Found mod file "waystones-neoforge-1.21.1-21.1.32.jar" [locator: {mods folder locator at /workspaces/RPG-Svs/servidor_minecraft/mods}, reader: mod manifest]
[12Jun2026 21:14:56.609] [main/INFO] [net.neoforged.fml.loading.moddiscovery.ModDiscoverer/SCAN]: Found mod file "wizards-neoforge-2.7.1+1.21.1.jar" [locator: {mods folder locator at /workspaces/RPG-Svs/servidor_minecraft/mods}, reader: mod manifest]
[12Jun2026 21:14:56.611] [main/INFO] [net.neoforged.fml.loading.moddiscovery.ModDiscoverer/SCAN]: Found mod file "xmxw-2.10.1+1.21.1-neoforge.jar" [locator: {mods folder locator at /workspaces/RPG-Svs/servidor_minecraft/mods}, reader: mod manifest]
[12Jun2026 21:14:56.612] [main/INFO] [net.neoforged.fml.loading.moddiscovery.ModDiscoverer/SCAN]: Found mod file "yet_another_config_lib_v3-3.8.2+1.21.1-neoforge.jar" [locator: {mods folder locator at /workspaces/RPG-Svs/servidor_minecraft/mods}, reader: mod manifest]
[12Jun2026 21:14:56.614] [main/INFO] [net.neoforged.fml.loading.moddiscovery.ModDiscoverer/SCAN]: Found mod file "yo_hooks-4.7.0beta.jar" [locator: {mods folder locator at /workspaces/RPG-Svs/servidor_minecraft/mods}, reader: mod manifest]
[12Jun2026 21:14:56.615] [main/INFO] [net.neoforged.fml.loading.moddiscovery.ModDiscoverer/SCAN]: Found mod file "YungsApi-1.21.1-NeoForge-5.1.6.jar" [locator: {mods folder locator at /workspaces/RPG-Svs/servidor_minecraft/mods}, reader: mod manifest]
[12Jun2026 21:14:56.616] [main/INFO] [net.neoforged.fml.loading.moddiscovery.ModDiscoverer/SCAN]: Found mod file "YungsBetterEndIsland-1.21.1-NeoForge-3.1.2.jar" [locator: {mods folder locator at /workspaces/RPG-Svs/servidor_minecraft/mods}, reader: mod manifest]
[12Jun2026 21:14:56.630] [main/INFO] [net.neoforged.fml.loading.moddiscovery.ModDiscoverer/SCAN]: Found mod file "crash_assistant-neoforge.jar" [parent: , locator: jarinjar, reader: mod manifest]
[12Jun2026 21:14:59.232] [main/WARN] [net.neoforged.jarjar.selection.JarSelector/]: Attempted to select a dependency jar for JarJar which was passed in as source: geckolib. Using Mod File: /workspaces/RPG-Svs/servidor_minecraft/mods/geckolib-neoforge-1.21.1-4.8.4.jar
[12Jun2026 21:14:59.233] [main/WARN] [net.neoforged.jarjar.selection.JarSelector/]: Attempted to select a dependency jar for JarJar which was passed in as source: bundleapi. Using Mod File: /workspaces/RPG-Svs/servidor_minecraft/mods/bundle-api-neoforge-1.1.0.jar
[12Jun2026 21:14:59.233] [main/WARN] [net.neoforged.jarjar.selection.JarSelector/]: Attempted to select a dependency jar for JarJar which was passed in as source: shield_api. Using Mod File: /workspaces/RPG-Svs/servidor_minecraft/mods/shield_api-neoforge-2.2.0.jar
[12Jun2026 21:14:59.233] [main/INFO] [net.neoforged.fml.loading.moddiscovery.locators.JarInJarDependencyLocator/]: Found 124 dependencies adding them to mods collection
[12Jun2026 21:14:59.233] [main/INFO] [net.neoforged.fml.loading.moddiscovery.ModDiscoverer/SCAN]: Found mod file "c2me-fixes-worldgen-threading-issues-mc1.21.1-0.3.0+alpha.0.91.jar" [parent: c2me-neoforge-mc1.21.1-0.3.0+alpha.0.91.jar, locator: jarinjar, reader: mod manifest]
[12Jun2026 21:14:59.233] [main/INFO] [net.neoforged.fml.loading.moddiscovery.ModDiscoverer/SCAN]: Found mod file "kuma-api-neoforge-21.0.7+1.21.jar" [parent: balm-neoforge-1.21.1-21.0.56.jar, locator: jarinjar, reader: mod manifest]
[12Jun2026 21:14:59.233] [main/INFO] [net.neoforged.fml.loading.moddiscovery.ModDiscoverer/SCAN]: Found mod file "fabric-renderer-api-v1-3.4.1+9125b6dc19.jar" [parent: forgified-fabric-api-0.116.7+2.2.4+1.21.1.jar, locator: jarinjar, reader: mod manifest]
[12Jun2026 21:14:59.233] [main/INFO] [net.neoforged.fml.loading.moddiscovery.ModDiscoverer/SCAN]: Found mod file "additionalentityattributes-2.0.0+1.21.1-neoforge.jar" [parent: Pastel-1.1.5.5.jar, locator: jarinjar, reader: mod manifest]
[12Jun2026 21:14:59.233] [main/INFO] [net.neoforged.fml.loading.moddiscovery.ModDiscoverer/SCAN]: Found mod file "tiny-multiblock-lib-neo-1.21.1-3.0.jar" [parent: wds-selling-bin-nrGOzmNu.jar, locator: jarinjar, reader: mod manifest]
[12Jun2026 21:14:59.233] [main/INFO] [net.neoforged.fml.loading.moddiscovery.ModDiscoverer/SCAN]: Found library file "sewlia-config-1.0.0-20250810.044244-13.jar" [parent: krypton_fnp-neoforge-1.21.1-0.2.28.1-1.21.1.jar, locator: jarinjar]
[12Jun2026 21:14:59.233] [main/INFO] [net.neoforged.fml.loading.moddiscovery.ModDiscoverer/SCAN]: Found mod file "ponder-neoforge-1.0.82+mc1.21.1.jar" [parent: create-1.21.1-6.0.10.jar, locator: jarinjar, reader: mod manifest]
[12Jun2026 21:14:59.234] [main/INFO] [net.neoforged.fml.loading.moddiscovery.ModDiscoverer/SCAN]: Found mod file "c2me-rewrites-chunk-serializer-mc1.21.1-0.3.0+alpha.0.91.jar" [parent: c2me-neoforge-mc1.21.1-0.3.0+alpha.0.91.jar, locator: jarinjar, reader: mod manifest]
[12Jun2026 21:14:59.234] [main/INFO] [net.neoforged.fml.loading.moddiscovery.ModDiscoverer/SCAN]: Found mod file "fabric-item-api-v1-11.2.0+0c57911319.jar" [parent: forgified-fabric-api-0.116.7+2.2.4+1.21.1.jar, locator: jarinjar, reader: mod manifest]
[12Jun2026 21:14:59.234] [main/INFO] [net.neoforged.fml.loading.moddiscovery.ModDiscoverer/SCAN]: Found mod file "fabric-rendering-fluids-v1-3.1.6+a51883b219.jar" [parent: forgified-fabric-api-0.116.7+2.2.4+1.21.1.jar, locator: jarinjar, reader: mod manifest]
[12Jun2026 21:14:59.234] [main/INFO] [net.neoforged.fml.loading.moddiscovery.ModDiscoverer/SCAN]: Found library file "MixinSquared-0.3.4.jar" [parent: mixinsquared-neoforge-0.3.4.jar, locator: jarinjar]
[12Jun2026 21:14:59.234] [main/INFO] [net.neoforged.fml.loading.moddiscovery.ModDiscoverer/SCAN]: Found mod file "c2me-opts-natives-math-mc1.21.1-0.3.0+alpha.0.91.jar" [parent: c2me-neoforge-mc1.21.1-0.3.0+alpha.0.91.jar, locator: jarinjar, reader: mod manifest]
[12Jun2026 21:14:59.234] [main/INFO] [net.neoforged.fml.loading.moddiscovery.ModDiscoverer/SCAN]: Found mod file "wds-selling-bin-nrGOzmNu.jar" [parent: starcatcher-2.3.9-NEOFORGE-1.21.1.jar, locator: jarinjar, reader: mod manifest]
[12Jun2026 21:14:59.234] [main/INFO] [net.neoforged.fml.loading.moddiscovery.ModDiscoverer/SCAN]: Found mod file "emberstextapi-neoforge-1.21.1-2.9.3.jar" [parent: libtooltips-5J15zxaI.jar, locator: jarinjar, reader: mod manifest]
[12Jun2026 21:14:59.234] [main/INFO] [net.neoforged.fml.loading.moddiscovery.ModDiscoverer/SCAN]: Found mod file "c2me-fixes-general-threading-issues-mc1.21.1-0.3.0+alpha.0.91.jar" [parent: c2me-neoforge-mc1.21.1-0.3.0+alpha.0.91.jar, locator: jarinjar, reader: mod manifest]
[12Jun2026 21:14:59.234] [main/INFO] [net.neoforged.fml.loading.moddiscovery.ModDiscoverer/SCAN]: Found library file "commons-math3-3.6.1.jar" [parent: terra_entity-1.2.3.jar, locator: jarinjar]
[12Jun2026 21:14:59.234] [main/INFO] [net.neoforged.fml.loading.moddiscovery.ModDiscoverer/SCAN]: Found library file "netty-0.1.4.1.jar" [parent: owo-lib-neoforge-0.12.15.5-beta.1+1.21.jar, locator: jarinjar]
[12Jun2026 21:14:59.234] [main/INFO] [net.neoforged.fml.loading.moddiscovery.ModDiscoverer/SCAN]: Found mod file "fabric-convention-tags-v1-2.1.5+7f945d5b19.jar" [parent: forgified-fabric-api-0.116.7+2.2.4+1.21.1.jar, locator: jarinjar, reader: mod manifest]
[12Jun2026 21:14:59.234] [main/INFO] [net.neoforged.fml.loading.moddiscovery.ModDiscoverer/SCAN]: Found library file "endec-0.1.8.1.jar" [parent: owo-lib-neoforge-0.12.15.5-beta.1+1.21.jar, locator: jarinjar]
[12Jun2026 21:14:59.234] [main/INFO] [net.neoforged.fml.loading.moddiscovery.ModDiscoverer/SCAN]: Found library file "kotlinx-coroutines-core-jvm-1.10.2.jar" [parent: kotlinforforge-5.11.0-all.jar, locator: jarinjar]
[12Jun2026 21:14:59.235] [main/INFO] [net.neoforged.fml.loading.moddiscovery.ModDiscoverer/SCAN]: Found mod file "fabric-block-view-api-v2-1.0.11+e9036fd419.jar" [parent: forgified-fabric-api-0.116.7+2.2.4+1.21.1.jar, locator: jarinjar, reader: mod manifest]
[12Jun2026 21:14:59.235] [main/INFO] [net.neoforged.fml.loading.moddiscovery.ModDiscoverer/SCAN]: Found mod file "fabric-convention-tags-v2-2.11.1+87e5848019.jar" [parent: forgified-fabric-api-0.116.7+2.2.4+1.21.1.jar, locator: jarinjar, reader: mod manifest]
[12Jun2026 21:14:59.235] [main/INFO] [net.neoforged.fml.loading.moddiscovery.ModDiscoverer/SCAN]: Found mod file "fabric-command-api-v2-2.2.28+36d727be19.jar" [parent: forgified-fabric-api-0.116.7+2.2.4+1.21.1.jar, locator: jarinjar, reader: mod manifest]
[12Jun2026 21:14:59.235] [main/INFO] [net.neoforged.fml.loading.moddiscovery.ModDiscoverer/SCAN]: Found mod file "fabric-data-attachment-api-v1-1.4.5+26d408aa19.jar" [parent: forgified-fabric-api-0.116.7+2.2.4+1.21.1.jar, locator: jarinjar, reader: mod manifest]
[12Jun2026 21:14:59.235] [main/INFO] [net.neoforged.fml.loading.moddiscovery.ModDiscoverer/SCAN]: Found library file "jctools-core-4.0.5.jar" [parent: c2me-neoforge-mc1.21.1-0.3.0+alpha.0.91.jar, locator: jarinjar]
[12Jun2026 21:14:59.235] [main/INFO] [net.neoforged.fml.loading.moddiscovery.ModDiscoverer/SCAN]: Found mod file "tiny-config-3.1.0-neoforge.jar" [parent: bettercombat-neoforge-2.3.2+1.21.1.jar, locator: jarinjar, reader: mod manifest]
[12Jun2026 21:14:59.235] [main/INFO] [net.neoforged.fml.loading.moddiscovery.ModDiscoverer/SCAN]: Found mod file "c2me-opts-math-mc1.21.1-0.3.0+alpha.0.91.jar" [parent: c2me-neoforge-mc1.21.1-0.3.0+alpha.0.91.jar, locator: jarinjar, reader: mod manifest]
[12Jun2026 21:14:59.235] [main/INFO] [net.neoforged.fml.loading.moddiscovery.ModDiscoverer/SCAN]: Found mod file "ThreeDimensionParticle-core-1.0.5.jar" [parent: terra_entity-1.2.3.jar, locator: jarinjar, reader: mod manifest]
[12Jun2026 21:14:59.235] [main/INFO] [net.neoforged.fml.loading.moddiscovery.ModDiscoverer/SCAN]: Found library file "kotlin-stdlib-jdk7-2.3.0.jar" [parent: kotlinforforge-5.11.0-all.jar, locator: jarinjar]
[12Jun2026 21:14:59.235] [main/INFO] [net.neoforged.fml.loading.moddiscovery.ModDiscoverer/SCAN]: Found mod file "fabric-screen-api-v1-2.0.25+0ae1214819.jar" [parent: forgified-fabric-api-0.116.7+2.2.4+1.21.1.jar, locator: jarinjar, reader: mod manifest]
[12Jun2026 21:14:59.235] [main/INFO] [net.neoforged.fml.loading.moddiscovery.ModDiscoverer/SCAN]: Found library file "reactive-streams-1.0.4.jar" [parent: c2me-neoforge-mc1.21.1-0.3.0+alpha.0.91.jar, locator: jarinjar]
[12Jun2026 21:14:59.236] [main/INFO] [net.neoforged.fml.loading.moddiscovery.ModDiscoverer/SCAN]: Found library file "kotlin-stdlib-jdk8-2.3.0.jar" [parent: kotlinforforge-5.11.0-all.jar, locator: jarinjar]
[12Jun2026 21:14:59.236] [main/INFO] [net.neoforged.fml.loading.moddiscovery.ModDiscoverer/SCAN]: Found library file "jgrapht-core-1.5.2.jar" [parent: Pastel-1.1.5.5.jar, locator: jarinjar]
[12Jun2026 21:14:59.236] [main/INFO] [net.neoforged.fml.loading.moddiscovery.ModDiscoverer/SCAN]: Found mod file "c2me-base-mc1.21.1-0.3.0+alpha.0.91-all.jar" [parent: c2me-neoforge-mc1.21.1-0.3.0+alpha.0.91.jar, locator: jarinjar, reader: mod manifest]
[12Jun2026 21:14:59.236] [main/INFO] [net.neoforged.fml.loading.moddiscovery.ModDiscoverer/SCAN]: Found library file "forgified-fabric-loader-2.5.68+0.18.4+1.21.1-full.jar" [parent: forgified-fabric-api-0.116.7+2.2.4+1.21.1.jar, locator: jarinjar, reader: mod manifest]
[12Jun2026 21:14:59.236] [main/INFO] [net.neoforged.fml.loading.moddiscovery.ModDiscoverer/SCAN]: Found mod file "c2me-fixes-worldgen-vanilla-bugs-mc1.21.1-0.3.0+alpha.0.91.jar" [parent: c2me-neoforge-mc1.21.1-0.3.0+alpha.0.91.jar, locator: jarinjar, reader: mod manifest]
[12Jun2026 21:14:59.236] [main/INFO] [net.neoforged.fml.loading.moddiscovery.ModDiscoverer/SCAN]: Found library file "kotlinx-serialization-json-jvm-1.9.0.jar" [parent: kotlinforforge-5.11.0-all.jar, locator: jarinjar]
[12Jun2026 21:14:59.236] [main/INFO] [net.neoforged.fml.loading.moddiscovery.ModDiscoverer/SCAN]: Found mod file "fabric-content-registries-v0-8.0.19+5e0d320019.jar" [parent: forgified-fabric-api-0.116.7+2.2.4+1.21.1.jar, locator: jarinjar, reader: mod manifest]
[12Jun2026 21:14:59.236] [main/INFO] [net.neoforged.fml.loading.moddiscovery.ModDiscoverer/SCAN]: Found library file "exp4j-0.4.8.jar" [parent: c2me-neoforge-mc1.21.1-0.3.0+alpha.0.91.jar, locator: jarinjar]
[12Jun2026 21:14:59.236] [main/INFO] [net.neoforged.fml.loading.moddiscovery.ModDiscoverer/SCAN]: Found library file "snakeyaml-2.4.jar" [parent: krypton_fnp-neoforge-1.21.1-0.2.28.1-1.21.1.jar, locator: jarinjar]
[12Jun2026 21:14:59.236] [main/INFO] [net.neoforged.fml.loading.moddiscovery.ModDiscoverer/SCAN]: Found gamelibrary file "mixinextras-neoforge-0.5.3.jar" [parent: neoforge-21.1.230-universal.jar, locator: jarinjar, reader: mod manifest]
[12Jun2026 21:14:59.237] [main/INFO] [net.neoforged.fml.loading.moddiscovery.ModDiscoverer/SCAN]: Found mod file "fabric-game-rule-api-v1-1.0.53+36d727be19.jar" [parent: forgified-fabric-api-0.116.7+2.2.4+1.21.1.jar, locator: jarinjar, reader: mod manifest]
[12Jun2026 21:14:59.237] [main/INFO] [net.neoforged.fml.loading.moddiscovery.ModDiscoverer/SCAN]: Found mod file "fabric-api-lookup-api-v1-1.6.71+c290471319.jar" [parent: forgified-fabric-api-0.116.7+2.2.4+1.21.1.jar, locator: jarinjar, reader: mod manifest]
[12Jun2026 21:14:59.237] [main/INFO] [net.neoforged.fml.loading.moddiscovery.ModDiscoverer/SCAN]: Found library file "jheaps-0.14.jar" [parent: Pastel-1.1.5.5.jar, locator: jarinjar]
[12Jun2026 21:14:59.237] [main/INFO] [net.neoforged.fml.loading.moddiscovery.ModDiscoverer/SCAN]: Found mod file "c2me-fixes-chunkio-threading-issues-mc1.21.1-0.3.0+alpha.0.91.jar" [parent: c2me-neoforge-mc1.21.1-0.3.0+alpha.0.91.jar, locator: jarinjar, reader: mod manifest]
[12Jun2026 21:14:59.237] [main/INFO] [net.neoforged.fml.loading.moddiscovery.ModDiscoverer/SCAN]: Found mod file "c2me-client-uncapvd-mc1.21.1-0.3.0+alpha.0.91.jar" [parent: c2me-neoforge-mc1.21.1-0.3.0+alpha.0.91.jar, locator: jarinjar, reader: mod manifest]
[12Jun2026 21:14:59.237] [main/INFO] [net.neoforged.fml.loading.moddiscovery.ModDiscoverer/SCAN]: Found library file "commonmark-ext-ins-0.27.1.jar" [parent: modonomicon-1.21.1-neoforge-1.120.1.jar, locator: jarinjar]
[12Jun2026 21:14:59.237] [main/INFO] [net.neoforged.fml.loading.moddiscovery.ModDiscoverer/SCAN]: Found gamelibrary file "mixinsquared-neoforge-0.3.4.jar" [parent: accessories_compat_layer-neoforge-0.1.12+1.21.1.jar, locator: jarinjar, reader: mod manifest]
[12Jun2026 21:14:59.237] [main/INFO] [net.neoforged.fml.loading.moddiscovery.ModDiscoverer/SCAN]: Found library file "imageio-metadata-3.12.0.jar" [parent: yet_another_config_lib_v3-3.8.2+1.21.1-neoforge.jar, locator: jarinjar]
[12Jun2026 21:14:59.237] [main/INFO] [net.neoforged.fml.loading.moddiscovery.ModDiscoverer/SCAN]: Found mod file "c2me-opts-dfc-mc1.21.1-0.3.0+alpha.0.91.jar" [parent: c2me-neoforge-mc1.21.1-0.3.0+alpha.0.91.jar, locator: jarinjar, reader: mod manifest]
[12Jun2026 21:14:59.237] [main/INFO] [net.neoforged.fml.loading.moddiscovery.ModDiscoverer/SCAN]: Found library file "kotlin-stdlib-2.3.0.jar" [parent: kotlinforforge-5.11.0-all.jar, locator: jarinjar]
[12Jun2026 21:14:59.237] [main/INFO] [net.neoforged.fml.loading.moddiscovery.ModDiscoverer/SCAN]: Found mod file "fabric-entity-events-v1-1.8.0+5ede667619.jar" [parent: forgified-fabric-api-0.116.7+2.2.4+1.21.1.jar, locator: jarinjar, reader: mod manifest]
[12Jun2026 21:14:59.238] [main/INFO] [net.neoforged.fml.loading.moddiscovery.ModDiscoverer/SCAN]: Found library file "tomlkt-jvm-0.3.7.jar" [parent: fzzy_config-0.7.6+1.21+neoforge.jar, locator: jarinjar]
[12Jun2026 21:14:59.238] [main/INFO] [net.neoforged.fml.loading.moddiscovery.ModDiscoverer/SCAN]: Found library file "kaleido-config-0.3.3+1.3.2.jar" [parent: clutternomore-1.1.9+1.21.1-neoforge.jar, locator: jarinjar]
[12Jun2026 21:14:59.238] [main/INFO] [net.neoforged.fml.loading.moddiscovery.ModDiscoverer/SCAN]: Found library file "commonmark-0.27.1.jar" [parent: modonomicon-1.21.1-neoforge-1.120.1.jar, locator: jarinjar]
[12Jun2026 21:14:59.238] [main/INFO] [net.neoforged.fml.loading.moddiscovery.ModDiscoverer/SCAN]: Found library file "common-io-3.12.0.jar" [parent: yet_another_config_lib_v3-3.8.2+1.21.1-neoforge.jar, locator: jarinjar]
[12Jun2026 21:14:59.238] [main/INFO] [net.neoforged.fml.loading.moddiscovery.ModDiscoverer/SCAN]: Found mod file "fabric-loot-api-v2-3.0.15+a3ee712d19.jar" [parent: forgified-fabric-api-0.116.7+2.2.4+1.21.1.jar, locator: jarinjar, reader: mod manifest]
[12Jun2026 21:14:59.238] [main/INFO] [net.neoforged.fml.loading.moddiscovery.ModDiscoverer/SCAN]: Found mod file "fabric-loot-api-v3-1.0.3+333dfad919.jar" [parent: forgified-fabric-api-0.116.7+2.2.4+1.21.1.jar, locator: jarinjar, reader: mod manifest]
[12Jun2026 21:14:59.238] [main/INFO] [net.neoforged.fml.loading.moddiscovery.ModDiscoverer/SCAN]: Found mod file "libtooltips-5J15zxaI.jar" [parent: starcatcher-2.3.9-NEOFORGE-1.21.1.jar, locator: jarinjar, reader: mod manifest]
[12Jun2026 21:14:59.238] [main/INFO] [net.neoforged.fml.loading.moddiscovery.ModDiscoverer/SCAN]: Found mod file "fabric-rendering-data-attachment-v1-0.3.49+73761d2e19.jar" [parent: forgified-fabric-api-0.116.7+2.2.4+1.21.1.jar, locator: jarinjar, reader: mod manifest]
[12Jun2026 21:14:59.238] [main/INFO] [net.neoforged.fml.loading.moddiscovery.ModDiscoverer/SCAN]: Found library file "imageio-webp-3.12.0.jar" [parent: yet_another_config_lib_v3-3.8.2+1.21.1-neoforge.jar, locator: jarinjar]
[12Jun2026 21:14:59.238] [main/INFO] [net.neoforged.fml.loading.moddiscovery.ModDiscoverer/SCAN]: Found library file "kotlinx-serialization-core-jvm-1.9.0.jar" [parent: kotlinforforge-5.11.0-all.jar, locator: jarinjar]
[12Jun2026 21:14:59.238] [main/INFO] [net.neoforged.fml.loading.moddiscovery.ModDiscoverer/SCAN]: Found mod file "fabric-networking-api-v1-4.3.0+30a980d919.jar" [parent: forgified-fabric-api-0.116.7+2.2.4+1.21.1.jar, locator: jarinjar, reader: mod manifest]
[12Jun2026 21:14:59.238] [main/INFO] [net.neoforged.fml.loading.moddiscovery.ModDiscoverer/SCAN]: Found mod file "c2me-rewrites-chunkio-mc1.21.1-0.3.0+alpha.0.91.jar" [parent: c2me-neoforge-mc1.21.1-0.3.0+alpha.0.91.jar, locator: jarinjar, reader: mod manifest]
[12Jun2026 21:14:59.238] [main/INFO] [net.neoforged.fml.loading.moddiscovery.ModDiscoverer/SCAN]: Found gamelibrary file "Registrate-MC1.21-1.3.0+67.jar" [parent: create-1.21.1-6.0.10.jar, locator: jarinjar, reader: mod manifest]
[12Jun2026 21:14:59.239] [main/INFO] [net.neoforged.fml.loading.moddiscovery.ModDiscoverer/SCAN]: Found mod file "c2me-opts-allocs-mc1.21.1-0.3.0+alpha.0.91.jar" [parent: c2me-neoforge-mc1.21.1-0.3.0+alpha.0.91.jar, locator: jarinjar, reader: mod manifest]
[12Jun2026 21:14:59.239] [main/INFO] [net.neoforged.fml.loading.moddiscovery.ModDiscoverer/SCAN]: Found mod file "fabric-lifecycle-events-v1-2.6.0+e40d8add19.jar" [parent: forgified-fabric-api-0.116.7+2.2.4+1.21.1.jar, locator: jarinjar, reader: mod manifest]
[12Jun2026 21:14:59.239] [main/INFO] [net.neoforged.fml.loading.moddiscovery.ModDiscoverer/SCAN]: Found library file "imageio-core-3.12.0.jar" [parent: yet_another_config_lib_v3-3.8.2+1.21.1-neoforge.jar, locator: jarinjar]
[12Jun2026 21:14:59.239] [main/INFO] [net.neoforged.fml.loading.moddiscovery.ModDiscoverer/SCAN]: Found library file "asyncutil-0.1.0.jar" [parent: c2me-neoforge-mc1.21.1-0.3.0+alpha.0.91.jar, locator: jarinjar]
[12Jun2026 21:14:59.239] [main/INFO] [net.neoforged.fml.loading.moddiscovery.ModDiscoverer/SCAN]: Found mod file "percale-neoforge-1.0.0-beta.1.jar" [parent: kambrik-neoforge-8.0.0-beta.2.jar, locator: jarinjar, reader: mod manifest]
[12Jun2026 21:14:59.239] [main/INFO] [net.neoforged.fml.loading.moddiscovery.ModDiscoverer/SCAN]: Found mod file "fabric-key-binding-api-v1-1.0.47+62cc7ce119.jar" [parent: forgified-fabric-api-0.116.7+2.2.4+1.21.1.jar, locator: jarinjar, reader: mod manifest]
[12Jun2026 21:14:59.239] [main/INFO] [net.neoforged.fml.loading.moddiscovery.ModDiscoverer/SCAN]: Found mod file "fabric-client-tags-api-v1-1.1.15+e053909619.jar" [parent: forgified-fabric-api-0.116.7+2.2.4+1.21.1.jar, locator: jarinjar, reader: mod manifest]
[12Jun2026 21:14:59.239] [main/INFO] [net.neoforged.fml.loading.moddiscovery.ModDiscoverer/SCAN]: Found mod file "fabric-transfer-api-v1-5.4.3+a25cb45619.jar" [parent: forgified-fabric-api-0.116.7+2.2.4+1.21.1.jar, locator: jarinjar, reader: mod manifest]
[12Jun2026 21:14:59.239] [main/INFO] [net.neoforged.fml.loading.moddiscovery.ModDiscoverer/SCAN]: Found mod file "c2me-threading-lighting-mc1.21.1-0.3.0+alpha.0.91.jar" [parent: c2me-neoforge-mc1.21.1-0.3.0+alpha.0.91.jar, locator: jarinjar, reader: mod manifest]
[12Jun2026 21:14:59.239] [main/INFO] [net.neoforged.fml.loading.moddiscovery.ModDiscoverer/SCAN]: Found library file "commonmark-ext-gfm-strikethrough-0.27.1.jar" [parent: modonomicon-1.21.1-neoforge-1.120.1.jar, locator: jarinjar]
[12Jun2026 21:14:59.239] [main/INFO] [net.neoforged.fml.loading.moddiscovery.ModDiscoverer/SCAN]: Found library file "jankson-0.1.5.1.jar" [parent: owo-lib-neoforge-0.12.15.5-beta.1+1.21.jar, locator: jarinjar]
[12Jun2026 21:14:59.239] [main/INFO] [net.neoforged.fml.loading.moddiscovery.ModDiscoverer/SCAN]: Found library file "apfloat-1.10.1.jar" [parent: Pastel-1.1.5.5.jar, locator: jarinjar]
[12Jun2026 21:14:59.239] [main/INFO] [net.neoforged.fml.loading.moddiscovery.ModDiscoverer/SCAN]: Found mod file "fabric-model-loading-api-v1-2.1.0+6e8f52c719.jar" [parent: forgified-fabric-api-0.116.7+2.2.4+1.21.1.jar, locator: jarinjar, reader: mod manifest]
[12Jun2026 21:14:59.239] [main/INFO] [net.neoforged.fml.loading.moddiscovery.ModDiscoverer/SCAN]: Found library file "net.neoforged.neoforge-coremods-21.1.230.jar" [parent: neoforge-21.1.230-universal.jar, locator: jarinjar, reader: mod manifest]
[12Jun2026 21:14:59.239] [main/INFO] [net.neoforged.fml.loading.moddiscovery.ModDiscoverer/SCAN]: Found mod file "fabric-screen-handler-api-v1-1.3.90+8dbc56dd19.jar" [parent: forgified-fabric-api-0.116.7+2.2.4+1.21.1.jar, locator: jarinjar, reader: mod manifest]
[12Jun2026 21:14:59.239] [main/INFO] [net.neoforged.fml.loading.moddiscovery.ModDiscoverer/SCAN]: Found mod file "fabric-resource-loader-v0-1.3.1+4ea8954419.jar" [parent: forgified-fabric-api-0.116.7+2.2.4+1.21.1.jar, locator: jarinjar, reader: mod manifest]
[12Jun2026 21:14:59.239] [main/INFO] [net.neoforged.fml.loading.moddiscovery.ModDiscoverer/SCAN]: Found mod file "fabric-rendering-v1-5.1.0+1a09bd5a19.jar" [parent: forgified-fabric-api-0.116.7+2.2.4+1.21.1.jar, locator: jarinjar, reader: mod manifest]
[12Jun2026 21:14:59.239] [main/INFO] [net.neoforged.fml.loading.moddiscovery.ModDiscoverer/SCAN]: Found mod file "fabric-renderer-indigo-1.7.1+9125b6dc19.jar" [parent: forgified-fabric-api-0.116.7+2.2.4+1.21.1.jar, locator: jarinjar, reader: mod manifest]
[12Jun2026 21:14:59.240] [main/INFO] [net.neoforged.fml.loading.moddiscovery.ModDiscoverer/SCAN]: Found library file "kotlinx-coroutines-jdk8-1.10.2.jar" [parent: kotlinforforge-5.11.0-all.jar, locator: jarinjar]
[12Jun2026 21:14:59.240] [main/INFO] [net.neoforged.fml.loading.moddiscovery.ModDiscoverer/SCAN]: Found mod file "c2me-rewrites-chunk-system-mc1.21.1-0.3.0+alpha.0.91.jar" [parent: c2me-neoforge-mc1.21.1-0.3.0+alpha.0.91.jar, locator: jarinjar, reader: mod manifest]
[12Jun2026 21:14:59.240] [main/INFO] [net.neoforged.fml.loading.moddiscovery.ModDiscoverer/SCAN]: Found library file "rxjava-3.1.12.jar" [parent: c2me-neoforge-mc1.21.1-0.3.0+alpha.0.91.jar, locator: jarinjar]
[12Jun2026 21:14:59.240] [main/INFO] [net.neoforged.fml.loading.moddiscovery.ModDiscoverer/SCAN]: Found mod file "fabric-particles-v1-4.0.2+824f924c19.jar" [parent: forgified-fabric-api-0.116.7+2.2.4+1.21.1.jar, locator: jarinjar, reader: mod manifest]
[12Jun2026 21:14:59.240] [main/INFO] [net.neoforged.fml.loading.moddiscovery.ModDiscoverer/SCAN]: Found mod file "c2me-opts-worldgen-vanilla-mc1.21.1-0.3.0+alpha.0.91.jar" [parent: c2me-neoforge-mc1.21.1-0.3.0+alpha.0.91.jar, locator: jarinjar, reader: mod manifest]
[12Jun2026 21:14:59.240] [main/INFO] [net.neoforged.fml.loading.moddiscovery.ModDiscoverer/SCAN]: Found library file "common-image-3.12.0.jar" [parent: yet_another_config_lib_v3-3.8.2+1.21.1-neoforge.jar, locator: jarinjar]
[12Jun2026 21:14:59.240] [main/INFO] [net.neoforged.fml.loading.moddiscovery.ModDiscoverer/SCAN]: Found mod file "c2me-opts-scheduling-mc1.21.1-0.3.0+alpha.0.91.jar" [parent: c2me-neoforge-mc1.21.1-0.3.0+alpha.0.91.jar, locator: jarinjar, reader: mod manifest]
[12Jun2026 21:14:59.240] [main/INFO] [net.neoforged.fml.loading.moddiscovery.ModDiscoverer/SCAN]: Found mod file "fabric-transitive-access-wideners-v1-6.2.0+6c854b6f19.jar" [parent: forgified-fabric-api-0.116.7+2.2.4+1.21.1.jar, locator: jarinjar, reader: mod manifest]
[12Jun2026 21:14:59.240] [main/INFO] [net.neoforged.fml.loading.moddiscovery.ModDiscoverer/SCAN]: Found library file "jankson-1.2.3.jar" [parent: Gobber-NeoForge-1.21.1-2.10.15.jar, locator: jarinjar]
[12Jun2026 21:14:59.240] [main/INFO] [net.neoforged.fml.loading.moddiscovery.ModDiscoverer/SCAN]: Found library file "gson-0.1.5.1.jar" [parent: owo-lib-neoforge-0.12.15.5-beta.1+1.21.jar, locator: jarinjar]
[12Jun2026 21:14:59.240] [main/INFO] [net.neoforged.fml.loading.moddiscovery.ModDiscoverer/SCAN]: Found mod file "fabric-api-base-0.4.42+d1308dedd1.jar" [parent: owo-lib-neoforge-0.12.15.5-beta.1+1.21.jar, locator: jarinjar, reader: mod manifest]
[12Jun2026 21:14:59.240] [main/INFO] [net.neoforged.fml.loading.moddiscovery.ModDiscoverer/SCAN]: Found mod file "fabric-blockrenderlayer-v1-1.1.52+c290471319.jar" [parent: forgified-fabric-api-0.116.7+2.2.4+1.21.1.jar, locator: jarinjar, reader: mod manifest]
[12Jun2026 21:14:59.240] [main/INFO] [net.neoforged.fml.loading.moddiscovery.ModDiscoverer/SCAN]: Found mod file "iteminteractions-neoforge-21.1.4.jar" [parent: MetalBundles-v21.1.1-1.21.1-NeoForge.jar, locator: jarinjar, reader: mod manifest]
[12Jun2026 21:14:59.240] [main/INFO] [net.neoforged.fml.loading.moddiscovery.ModDiscoverer/SCAN]: Found mod file "c2me-server-utils-mc1.21.1-0.3.0+alpha.0.91.jar" [parent: c2me-neoforge-mc1.21.1-0.3.0+alpha.0.91.jar, locator: jarinjar, reader: mod manifest]
[12Jun2026 21:14:59.240] [main/INFO] [net.neoforged.fml.loading.moddiscovery.ModDiscoverer/SCAN]: Found mod file "ParticleStorm-1.1.5.jar" [parent: terra_entity-1.2.3.jar, locator: jarinjar, reader: mod manifest]
[12Jun2026 21:14:59.240] [main/INFO] [net.neoforged.fml.loading.moddiscovery.ModDiscoverer/SCAN]: Found library file "thedarkcolour.kfflang-5.11.0.jar" [parent: kotlinforforge-5.11.0-all.jar, locator: jarinjar, reader: mod manifest]
[12Jun2026 21:14:59.241] [main/INFO] [net.neoforged.fml.loading.moddiscovery.ModDiscoverer/SCAN]: Found mod file "fabric-block-api-v1-1.1.0+b0c22bb819.jar" [parent: forgified-fabric-api-0.116.7+2.2.4+1.21.1.jar, locator: jarinjar, reader: mod manifest]
[12Jun2026 21:14:59.241] [main/INFO] [net.neoforged.fml.loading.moddiscovery.ModDiscoverer/SCAN]: Found gamelibrary file "thedarkcolour.kfflib-5.11.0.jar" [parent: kotlinforforge-5.11.0-all.jar, locator: jarinjar, reader: mod manifest]
[12Jun2026 21:14:59.241] [main/INFO] [net.neoforged.fml.loading.moddiscovery.ModDiscoverer/SCAN]: Found mod file "fabric-resource-conditions-api-v1-4.3.0+5bdd099819.jar" [parent: forgified-fabric-api-0.116.7+2.2.4+1.21.1.jar, locator: jarinjar, reader: mod manifest]
[12Jun2026 21:14:59.242] [main/INFO] [net.neoforged.fml.loading.moddiscovery.ModDiscoverer/SCAN]: Found mod file "thedarkcolour.kffmod-5.11.0.jar" [parent: kotlinforforge-5.11.0-all.jar, locator: jarinjar, reader: mod manifest]
[12Jun2026 21:14:59.242] [main/INFO] [net.neoforged.fml.loading.moddiscovery.ModDiscoverer/SCAN]: Found library file "gson-0.2.1.jar" [parent: yet_another_config_lib_v3-3.8.2+1.21.1-neoforge.jar, locator: jarinjar]
[12Jun2026 21:14:59.242] [main/INFO] [net.neoforged.fml.loading.moddiscovery.ModDiscoverer/SCAN]: Found library file "kotlin-reflect-2.3.0.jar" [parent: kotlinforforge-5.11.0-all.jar, locator: jarinjar]
[12Jun2026 21:14:59.242] [main/INFO] [net.neoforged.fml.loading.moddiscovery.ModDiscoverer/SCAN]: Found mod file "flywheel-neoforge-1.21.1-1.0.6.jar" [parent: create-1.21.1-6.0.10.jar, locator: jarinjar, reader: mod manifest]
[12Jun2026 21:14:59.242] [main/INFO] [net.neoforged.fml.loading.moddiscovery.ModDiscoverer/SCAN]: Found library file "velocity-native-3.4.0-SNAPSHOT.jar" [parent: krypton_fnp-neoforge-1.21.1-0.2.28.1-1.21.1.jar, locator: jarinjar]
[12Jun2026 21:14:59.242] [main/INFO] [net.neoforged.fml.loading.moddiscovery.ModDiscoverer/SCAN]: Found mod file "fabric-item-group-api-v1-4.1.7+e324903319.jar" [parent: forgified-fabric-api-0.116.7+2.2.4+1.21.1.jar, locator: jarinjar, reader: mod manifest]
[12Jun2026 21:14:59.242] [main/INFO] [net.neoforged.fml.loading.moddiscovery.ModDiscoverer/SCAN]: Found mod file "fabric-gametest-api-v1-2.0.5+29f188ce19.jar" [parent: forgified-fabric-api-0.116.7+2.2.4+1.21.1.jar, locator: jarinjar, reader: mod manifest]
[12Jun2026 21:14:59.242] [main/INFO] [net.neoforged.fml.loading.moddiscovery.ModDiscoverer/SCAN]: Found mod file "c2me-notickvd-mc1.21.1-0.3.0+alpha.0.91.jar" [parent: c2me-neoforge-mc1.21.1-0.3.0+alpha.0.91.jar, locator: jarinjar, reader: mod manifest]
[12Jun2026 21:14:59.242] [main/INFO] [net.neoforged.fml.loading.moddiscovery.ModDiscoverer/SCAN]: Found mod file "fabric-biome-api-v1-13.0.31+1e62d33c19.jar" [parent: forgified-fabric-api-0.116.7+2.2.4+1.21.1.jar, locator: jarinjar, reader: mod manifest]
[12Jun2026 21:14:59.242] [main/INFO] [net.neoforged.fml.loading.moddiscovery.ModDiscoverer/SCAN]: Found mod file "c2me-opts-worldgen-general-mc1.21.1-0.3.0+alpha.0.91.jar" [parent: c2me-neoforge-mc1.21.1-0.3.0+alpha.0.91.jar, locator: jarinjar, reader: mod manifest]
[12Jun2026 21:14:59.242] [main/INFO] [net.neoforged.fml.loading.moddiscovery.ModDiscoverer/SCAN]: Found mod file "c2me-opts-chunkio-mc1.21.1-0.3.0+alpha.0.91.jar" [parent: c2me-neoforge-mc1.21.1-0.3.0+alpha.0.91.jar, locator: jarinjar, reader: mod manifest]
[12Jun2026 21:14:59.242] [main/INFO] [net.neoforged.fml.loading.moddiscovery.ModDiscoverer/SCAN]: Found library file "json-0.2.1.jar" [parent: yet_another_config_lib_v3-3.8.2+1.21.1-neoforge.jar, locator: jarinjar]
[12Jun2026 21:14:59.242] [main/INFO] [net.neoforged.fml.loading.moddiscovery.ModDiscoverer/SCAN]: Found mod file "fabric-registry-sync-v0-5.3.1+f9aace1619.jar" [parent: forgified-fabric-api-0.116.7+2.2.4+1.21.1.jar, locator: jarinjar, reader: mod manifest]
[12Jun2026 21:14:59.242] [main/INFO] [net.neoforged.fml.loading.moddiscovery.ModDiscoverer/SCAN]: Found mod file "confluence_magic_lib-0.0.8.jar" [parent: terra_entity-1.2.3.jar, locator: jarinjar, reader: mod manifest]
[12Jun2026 21:14:59.242] [main/INFO] [net.neoforged.fml.loading.moddiscovery.ModDiscoverer/SCAN]: Found mod file "fabric-recipe-api-v1-5.0.15+59440bcc19.jar" [parent: forgified-fabric-api-0.116.7+2.2.4+1.21.1.jar, locator: jarinjar, reader: mod manifest]
[12Jun2026 21:14:59.242] [main/INFO] [net.neoforged.fml.loading.moddiscovery.ModDiscoverer/SCAN]: Found mod file "fabric-object-builder-api-v1-15.2.1+cc242efd19.jar" [parent: forgified-fabric-api-0.116.7+2.2.4+1.21.1.jar, locator: jarinjar, reader: mod manifest]
[12Jun2026 21:14:59.242] [main/INFO] [net.neoforged.fml.loading.moddiscovery.ModDiscoverer/SCAN]: Found mod file "fabric-sound-api-v1-1.0.23+10b84f8419.jar" [parent: forgified-fabric-api-0.116.7+2.2.4+1.21.1.jar, locator: jarinjar, reader: mod manifest]
[12Jun2026 21:14:59.242] [main/INFO] [net.neoforged.fml.loading.moddiscovery.ModDiscoverer/SCAN]: Found mod file "fabric-message-api-v1-6.0.14+6a754fce19.jar" [parent: forgified-fabric-api-0.116.7+2.2.4+1.21.1.jar, locator: jarinjar, reader: mod manifest]
[12Jun2026 21:14:59.243] [main/INFO] [net.neoforged.fml.loading.moddiscovery.ModDiscoverer/SCAN]: Found mod file "expandability-neoforge-12.0.0.jar" [parent: artifacts-neoforge-13.2.1.jar, locator: jarinjar, reader: mod manifest]
[12Jun2026 21:14:59.243] [main/INFO] [net.neoforged.fml.loading.moddiscovery.ModDiscoverer/SCAN]: Found library file "common-lang-3.12.0.jar" [parent: yet_another_config_lib_v3-3.8.2+1.21.1-neoforge.jar, locator: jarinjar]
[12Jun2026 21:14:59.243] [main/INFO] [net.neoforged.fml.loading.moddiscovery.ModDiscoverer/SCAN]: Found mod file "fabric-data-generation-api-v1-20.2.34+a4c3605619.jar" [parent: forgified-fabric-api-0.116.7+2.2.4+1.21.1.jar, locator: jarinjar, reader: mod manifest]
[12Jun2026 21:14:59.243] [main/INFO] [net.neoforged.fml.loading.moddiscovery.ModDiscoverer/SCAN]: Found mod file "fabric-events-interaction-v0-0.7.13+86e0887119.jar" [parent: forgified-fabric-api-0.116.7+2.2.4+1.21.1.jar, locator: jarinjar, reader: mod manifest]
[12Jun2026 21:14:59.252] [main/INFO] [net.neoforged.fml.loading.moddiscovery.ModDiscoverer/]: 
     Mod List:
		Name Version (Mod Id)

		[Let's Do] BloomingNature 1.1.10 (bloomingnature)
		[Let's Do] Furniture 1.1.4 (furniture)
		[Let's Do] Lilis Lucky Lures 1.1.3 (lilis_lucky_lures)
		[Let's Do] Wilder Nature 1.1.3 (wildernature)
		Accessories 1.1.0-beta.53+1.21.1 (accessories)
		Accessories Compatibility Layer 0.1.12 (accessories_compat_layer)
		Additional Entity Attributes 2.0.0+1.21.1 (additionalentityattributes)
		AdventureDungeons 1.3.1 (adventuredungeons)
		Alloy Smelter 1.2.1 (alloy_smelter)
		Alternate Current 1.9.0 (alternate_current)
		AppleSkin 3.0.9+mc1.21 (appleskin)
		Archers (RPG Series) 2.7.0 (archers)
		Architectury 13.0.8 (architectury)
		Armageddon 2.0.8 (armageddon_mod)
		Arsenal (RPG Series) 1.4.2 (arsenal)
		Artifacts 13.2.1 (artifacts)
		atistructures 1.4.0 (atistructures)
		AttributeFix 21.1.3 (attributefix)
		AzureLib Armor 3.1.3 (azurelibarmor)
		BaguetteLib 2.0.3 (baguettelib)
		Balm 21.0.56 (balm)
		Beginner's Delight 0.4.0 (beginnersdelight)
		Better Combat 2.3.2+1.21.1 (bettercombat)
		Better Starting Armors 1.0.1 (better_starting_armors)
		Biolith 3.0.11 (biolith)
		Bookshelf 21.1.81 (bookshelf)
		Born in Chaos  1.7.5 (born_in_chaos_v1)
		Boss Checklist 5.0.1 (boss_checklist)
		Bosses'Rise 2.1.1 (block_factorys_bosses)
		Boundless: Quests 8 (boundless)
		Bountiful 8.0.0-beta.2 (bountiful)
		BundleAPI 1.1.0 (bundleapi)
		Cataclysm & BetterCombat - Compatibility 1.0.2 (cataclysm_compat)
		Chalk 1.6.11 (chalk)
		Chloride 1.7.7 (chloride)
		chunksending mod 2.9 (chunksending)
		Chunky 1.4.23 (chunky)
		Cloth Config v15 API 15.0.140 (cloth_config)
		Clumps 19.0.0.1 (clumps)
		Clutter No More 1.1.9+1.21.1 (clutternomore)
		Collective 8.22 (collective)
		Concurrent Chunk Management Engine 0.3.0+alpha.0.91+1.21.1 (c2me)
		Concurrent Chunk Management Engine (Base) 0.3.0+alpha.0.91+1.21.1 (c2me_base)
		Concurrent Chunk Management Engine (Client/Uncap View Distance) 0.3.0+alpha.0.91+1.21.1 (c2me_client_uncapvd)
		Concurrent Chunk Management Engine (Fixes/Chunk IO/Threading Issues) 0.3.0+alpha.0.91+1.21.1 (c2me_fixes_chunkio_threading_issues)
		Concurrent Chunk Management Engine (Fixes/General/Threading Issues) 0.3.0+alpha.0.91+1.21.1 (c2me_fixes_general_threading_issues)
		Concurrent Chunk Management Engine (Fixes/WorldGen/Threading Issues) 0.3.0+alpha.0.91+1.21.1 (c2me_fixes_worldgen_threading_issues)
		Concurrent Chunk Management Engine (Fixes/WorldGen/Vanilla Bugs) 0.3.0+alpha.0.91+1.21.1 (c2me_fixes_worldgen_vanilla_bugs)
		Concurrent Chunk Management Engine (No Tick View Distance) 0.3.0+alpha.0.91+1.21.1 (c2me_notickvd)
		Concurrent Chunk Management Engine (Optimizations/Chunk IO) 0.3.0+alpha.0.91+1.21.1 (c2me_opts_chunkio)
		Concurrent Chunk Management Engine (Optimizations/Density Function Compiler) 0.3.0+alpha.0.91+1.21.1 (c2me_opts_dfc)
		Concurrent Chunk Management Engine (Optimizations/General WorldGen) 0.3.0+alpha.0.91+1.21.1 (c2me_opts_worldgen_general)
		Concurrent Chunk Management Engine (Optimizations/Math) 0.3.0+alpha.0.91+1.21.1 (c2me_opts_math)
		Concurrent Chunk Management Engine (Optimizations/Memory Allocations) 0.3.0+alpha.0.91+1.21.1 (c2me_opts_allocs)
		Concurrent Chunk Management Engine (Optimizations/Natives Math) 0.3.0+alpha.0.91+1.21.1 (c2me_opts_natives_math)
		Concurrent Chunk Management Engine (Optimizations/Scheduling) 0.3.0+alpha.0.91+1.21.1 (c2me_opts_scheduling)
		Concurrent Chunk Management Engine (Optimizations/Vanilla WorldGen) 0.3.0+alpha.0.91+1.21.1 (c2me_opts_worldgen_vanilla)
		Concurrent Chunk Management Engine (Rewrites/Chunk IO) 0.3.0+alpha.0.91+1.21.1 (c2me_rewrites_chunkio)
		Concurrent Chunk Management Engine (Rewrites/Chunk Serializer) 0.3.0+alpha.0.91+1.21.1 (c2me_rewrites_chunk_serializer)
		Concurrent Chunk Management Engine (Rewrites/Chunk System) 0.3.0+alpha.0.91+1.21.1 (c2me_rewrites_chunk_system)
		Concurrent Chunk Management Engine (Server Utils) 0.3.0+alpha.0.91+1.21.1 (c2me_server_utils)
		Concurrent Chunk Management Engine (Threading/Lighting) 0.3.0+alpha.0.91+1.21.1 (c2me_threading_lighting)
		Configured 2.6.3 (configured)
		Confluence Magic Lib 0.0.8 (confluence_magic_lib)
		Copper Age Backport 0.1.4 (copperagebackport)
		Corpse 1.21.1-1.1.13 (corpse)
		Corpse Curios Compatibility 4.0.1 (corpsecurioscompat)
		Crash Assistant 1.11.9 (crash_assistant)
		CrashExploitFixer 2.0.0 (crashexploitfixer)
		Create 6.0.10 (create)
		Create Stuff 'N Additions 2.1.2 (create_sa)
		Cupboard mod 3.5 (cupboard)
		Curios API 9.5.1+1.21.1 (curios)
		Darker Depths 2.1.3 (darkerdepths)
		Databank 1.3.1 (databank)
		Default Skill Trees 1.1 (default_skill_trees)
		DespawnTweakerRefoxed 1.0-SNAPSHOT (despawntweaker)
		dragonfight mod 4.7 (dragonfight)
		Dungeons and Taverns 1-v4.4.4 (mr_dungeons_andtaverns)
		Dungeons and Taverns Nether Fortress Overhaul 1-v2.4 (mr_dungeons_andtavernsnetherfortressoverhaul)
		Easy Mob Spawn Control 1.1.5 (easy_mob_spawn_control)
		Echo Chest 21.1.1 (echochest)
		Ember's Text API 2.9.3 (emberstextapi)
		End Remastered 6.0.2 (endrem)
		Enderscape 1.0.9 (enderscape)
		Eternal Nether 21.1.3 (eternalnether)
		Eternal Starlight 0.7.0-hotfix+1.21.1+neoforge (eternal_starlight)
		Exclusions Lib 1.1.0-NEO (exclusions_lib)
		ExpandAbility 12.0.0 (expandability)
		Explorer's Compass 1.21.1-3.4.0-neoforge (explorerscompass)
		Fast Item Frames 21.1.6 (fastitemframes)
		fastasyncworldsave mod 2.6 (fastasyncworldsave)
		Ferrite Core 7.0.3 (ferritecore)
		Field Guide 1.7.5 (fieldguide)
		FixMySpawnR 3.0.2 (fixmyspawnr)
		Flywheel 1.0.6 (flywheel)
		Forgified Fabric API 0.116.7+2.2.4+1.21.1 (fabric_api)
		Forgified Fabric API Base 0.4.42+d1308dedd1 (fabric_api_base)
		Forgified Fabric API Lookup API (v1) 1.6.71+c290471319 (fabric_api_lookup_api_v1)
		Forgified Fabric Biome API (v1) 13.0.31+1e62d33c19 (fabric_biome_api_v1)
		Forgified Fabric Block API (v1) 1.1.0+b0c22bb819 (fabric_block_api_v1)
		Forgified Fabric BlockRenderLayer Registration (v1) 1.1.52+c290471319 (fabric_blockrenderlayer_v1)
		Forgified Fabric BlockView API (v2) 1.0.11+e9036fd419 (fabric_block_view_api_v2)
		Forgified Fabric Client Tags 1.1.15+e053909619 (fabric_client_tags_api_v1)
		Forgified Fabric Command API (v2) 2.2.28+36d727be19 (fabric_command_api_v2)
		Forgified Fabric Content Registries (v0) 8.0.19+5e0d320019 (fabric_content_registries_v0)
		Forgified Fabric Convention Tags 2.1.5+7f945d5b19 (fabric_convention_tags_v1)
		Forgified Fabric Convention Tags (v2) 2.11.1+87e5848019 (fabric_convention_tags_v2)
		Forgified Fabric Data Attachment API (v1) 1.4.5+26d408aa19 (fabric_data_attachment_api_v1)
		Forgified Fabric Data Generation API (v1) 20.2.34+a4c3605619 (fabric_data_generation_api_v1)
		Forgified Fabric Entity Events (v1) 1.8.0+5ede667619 (fabric_entity_events_v1)
		Forgified Fabric Events Interaction (v0) 0.7.13+86e0887119 (fabric_events_interaction_v0)
		Forgified Fabric Game Rule API (v1) 1.0.53+36d727be19 (fabric_game_rule_api_v1)
		Forgified Fabric Game Test API (v1) 2.0.5+29f188ce19 (fabric_gametest_api_v1)
		Forgified Fabric Item API (v1) 11.2.0+0c57911319 (fabric_item_api_v1)
		Forgified Fabric Item Group API (v1) 4.1.7+e324903319 (fabric_item_group_api_v1)
		Forgified Fabric Key Binding API (v1) 1.0.47+62cc7ce119 (fabric_key_binding_api_v1)
		Forgified Fabric Lifecycle Events (v1) 2.6.0+e40d8add19 (fabric_lifecycle_events_v1)
		Forgified Fabric Loot API (v2) 3.0.15+a3ee712d19 (fabric_loot_api_v2)
		Forgified Fabric Loot API (v3) 1.0.3+333dfad919 (fabric_loot_api_v3)
		Forgified Fabric Message API (v1) 6.0.14+6a754fce19 (fabric_message_api_v1)
		Forgified Fabric Model Loading API (v1) 2.1.0+6e8f52c719 (fabric_model_loading_api_v1)
		Forgified Fabric Networking API (v1) 4.3.0+30a980d919 (fabric_networking_api_v1)
		Forgified Fabric Object Builder API (v1) 15.2.1+cc242efd19 (fabric_object_builder_api_v1)
		Forgified Fabric Particles (v1) 4.0.2+824f924c19 (fabric_particles_v1)
		Forgified Fabric Recipe API (v1) 5.0.15+59440bcc19 (fabric_recipe_api_v1)
		Forgified Fabric Registry Sync (v0) 5.3.1+f9aace1619 (fabric_registry_sync_v0)
		Forgified Fabric Renderer - Indigo 1.7.1+9125b6dc19 (fabric_renderer_indigo)
		Forgified Fabric Renderer API (v1) 3.4.1+9125b6dc19 (fabric_renderer_api_v1)
		Forgified Fabric Rendering (v1) 5.1.0+1a09bd5a19 (fabric_rendering_v1)
		Forgified Fabric Rendering Data Attachment (v1) 0.3.49+73761d2e19 (fabric_rendering_data_attachment_v1)
		Forgified Fabric Rendering Fluids (v1) 3.1.6+a51883b219 (fabric_rendering_fluids_v1)
		Forgified Fabric Resource Conditions API (v1) 4.3.0+5bdd099819 (fabric_resource_conditions_api_v1)
		Forgified Fabric Resource Loader (v0) 1.3.1+4ea8954419 (fabric_resource_loader_v0)
		Forgified Fabric Screen API (v1) 2.0.25+0ae1214819 (fabric_screen_api_v1)
		Forgified Fabric Screen Handler API (v1) 1.3.90+8dbc56dd19 (fabric_screen_handler_api_v1)
		Forgified Fabric Sound API (v1) 1.0.23+10b84f8419 (fabric_sound_api_v1)
		Forgified Fabric Transfer API (v1) 5.4.3+a25cb45619 (fabric_transfer_api_v1)
		Forgified Fabric Transitive Access Wideners (v1) 6.2.0+6c854b6f19 (fabric_transitive_access_wideners_v1)
		Fzzy Config 0.7.6+1.21+neoforge (fzzy_config)
		Galosphere 1.5.3 (galosphere)
		GeckoLib 4 4.8.4 (geckolib)
		Get It Together, Drops! 1.4 (getittogetherdrops)
		Gnetum 3.3.2 (gnetum)
		Gobber for NeoForge 2.10.15 (gobber2)
		Grim kingdoms: Lost structures & ruins - Vanilla Edition 1-v1.0.0 (mr_grim_kingdomsloststructuresruinsvanillaedition)
		Guard Villagers 2.4.7 (guardvillagers)
		Hominid 1.3.2 (hominid)
		Horseman 1.5.9 (horseman)
		HT's TreeChop 0.19.3 (treechop)
		Iron's Lib 1.21.1-1.0.2 (irons_lib)
		Iron's Spells 'n Spellbooks 1.21.1-3.15.6 (irons_spellbooks)
		Iron's Spells 'n Spellbooks Dynamic Skill Tree 1.1.0 (irons_spells_dynamic_skilltree)
		Item Interactions 21.1.4 (iteminteractions)
		Jade 15.10.5+neoforge (jade)
		Jewelry (RPG Series) 2.3.2 (jewelry)
		Just Hammers 21.1.4 (justhammers)
		Kaleidoscope Cookery 1.3.0-neoforge+mc1.21.1 (kaleidoscope_cookery)
		Kambrik 8.0.0-beta.2 (kambrik)
		Konkrete 1.9.9 (konkrete)
		Kotlin For Forge 5.11.0 (kotlinforforge)
		Krypton FNP 0.2.28.1-1.21.1 (krypton_fnp)
		KumaAPI 21.0.7 (kuma_api)
		L_Ender's Cataclysm 1.21.1 3.27 (cataclysm)
		limitedchunks mod 4.1 (limitedchunks)
		lionfishapi 2.7 (lionfishapi)
		Lithium 0.15.3+mc1.21.1 (lithium)
		Lithostitched 1.7.3 (lithostitched)
		Load My F***ing Tags 1.1.1+1.21.9 (lmft)
		Lootr 1.21.1-1.11.37.120 (lootr)
		LuckysShowcase 21.1.0 (luckysshowcase)
		Luki's Crazy Chambers 1.0.3 (mr_lukis_crazychambers)
		Luki's Grand Capitals 1.1.3 (mr_lukis_grandcapitals)
		Luki's Strongholds 1-v1.0 (mr_lukis_strongholds)
		MaxHealthFix 21.1.4 (maxhealthfix)
		Melody 1.0.10 (melody)
		Metal Bundles 21.1.1 (metalbundles)
		Minecraft 1.21.1 (minecraft)
		ModernFix 5.27.7+mc1.21.1 (modernfix)
		Modonomicon 1.120.1 (modonomicon)
		Moonlight Lib 1.21.1-3.0.7 (moonlight)
		Mowzie's Mobs 1.8.2 (mowziesmobs)
		Myths & Legends 0.0.8.5 (mythsandlegends)
		Nature's Compass 1.21.1-3.4.0-neoforge (naturescompass)
		Necronomicon 1.6.0 (necronomicon)
		Neo Bee Fix 2.0.0 (neobeefix)
		NeoForge 21.1.230 (neoforge)
		Noisium 2.7.0+mc1.21-1.21.1 (noisium)
		NoPackCompatCheck 0.1.0-neoforge-mc1.21 (nopackcompatcheck)
		Numismatic Bounties 2.0 (numismatic_bounties)
		Numismatic Overhaul Reforged Again 2.0.1 (numismaticoverhaul)
		OctoLib 0.6.2 (octolib)
		oωo 0.12.15.5-beta.1+1.21 (owo)
		Paladins & Priests (RPG Series) 2.7.1 (paladins)
		Paraglider 21.1.5 (paraglider)
		ParticleStorm 1.1.5 (particlestorm)
		Pastel 1.1.5.5 (pastel)
		Percale 1.0.0-beta.1 (percale)
		Player Animator 2.0.4+1.21.1 (playeranimator)
		Polymorph 1.1.0+1.21.1 (polymorph)
		Ponder 1.0.82+mc1.21.1 (ponder)
		PrickleMC 21.1.11 (prickle)
		Primal 1.1.6 (primal)
		Pufferfish's Attributes 0.8.2 (puffish_attributes)
		Pufferfish's Skills 0.17.3 (puffish_skills)
		Pufferfish's Unofficial Additions 2.2.8 (pufferfish_unofficial_additions)
		Puzzles Lib 21.1.39 (puzzleslib)
		RangedWeaponAPI 2.3.3+1.21.1 (ranged_weapon_api)
		Re:Animal 0.6.0 (reanimal)
		Realm RPG: Fallen Adventurers 1.1.0 (realmrpg_skeletons)
		Realm RPG: Treasure Balloons 0.9.1 (realmrpg_balloons)
		Regions Unexplored 0.6+beta4 (regions_unexplored)
		Relics (RPG Series) 1.3.0 (relics_rpgs)
		Resourcefulconfig 3.0.11 (resourcefulconfig)
		Rogues & Warriors (RPG Series) 2.7.0 (rogues)
		Runes 1.2.1+1.21.1 (runes)
		Saint's Dragons 0.6.1 (saintsdragons)
		ScalableLux 0.1.0.1+neoforge.1cb1e91 (scalablelux)
		Searchables 1.0.2 (searchables)
		Shared Advancements 6.1.0 (sharedadvancements)
		Shield Expansion 1.4.1 (shieldexp)
		ShieldAPI 2.2.0 (shield_api)
		Silent Lib 10.6.0 (silentlib)
		Silent's Power Scale 0.3.1.1 (powerscale)
		Skill Tree (RPG Series) 1.4.4 (skill_tree_rpgs)
		Sleep Tight 1.21-1.3.7 (sleep_tight)
		Sophisticated Backpacks 3.25.44 (sophisticatedbackpacks)
		Sophisticated Core 1.4.38 (sophisticatedcore)
		Sophisticated Storage 1.5.46 (sophisticatedstorage)
		Soul Incursion 1.1.3 (soul_incursion)
		spark 1.10.124 (spark)
		Spell Engine 1.9.9 (spell_engine)
		Spell Power Attribute 1.4.6+1.21.1 (spell_power)
		Starcatcher 2.3.9-NEOFORGE-1.21.1 (starcatcher)
		Structure Essentials mod 5.0 (structureessentials)
		Structure Layout Optimizer 1.0.12 (structure_layout_optimizer)
		Structure Pool API 1.2.1+1.21.1 (structure_pool_api)
		Sweety's Archaeology 1.0.9 (sweety_archaeology)
		Terra Entity 1.2.3 (terra_entity)
		TerraBlender 4.1.0.8 (terrablender)
		TerraBlenderFix 0.0.1 (terrablenderfix)
		The Undergarden 0.9.6 (undergarden)
		Three Dimension Particle 1.0.5 (thr_dim_particle)
		Timeline 2.0.4.1 (rpgtimeline)
		Tiny Config 3.1.0 (tiny_config)
		Tiny Multiblock Lib 3.0 (tinymultiblocklib)
		Traveler Tool Belt 1.0.1 (travelertoolbelt)
		Traveler's Compass 4.0.05 (travelerscompass)
		Trimmed 3.0.0 (trimmed)
		Unusual End 2.2.1 (unusualend)
		Waystones 21.1.32 (waystones)
		wd's Selling Bin 1.4.1-NEOFORGE-1.21.1 (selling_bin)
		wd's Tooltips Library 1.6 (libtooltips)
		Wizards (RPG Series) 2.7.1 (wizards)
		Xaero's Maps x Waystones 2.10.1+1.21.1-neoforge (xmxw)
		YetAnotherConfigLib 3.8.2+1.21.1-neoforge (yet_another_config_lib_v3)
		Yori3o's Grappling Hooks 4.7.0beta (yo_hooks)
		YUNG's API 1.21.1-NeoForge-5.1.6 (yungsapi)
		YUNG's Better End Island 1.21.1-NeoForge-3.1.2 (betterendisland)
[12Jun2026 21:15:03.807] [main/INFO] [mixin/]: Compatibility level set to JAVA_21
[12Jun2026 21:15:04.617] [main/INFO] [net.fabricmc.loader.impl.bootstrap.FabricLoaderBootstrap/]: Propagating FML mod list to Fabric Loader
[12Jun2026 21:15:04.660] [main/INFO] [cpw.mods.modlauncher.LaunchServiceHandler/MODLAUNCHER]: Launching target 'forgeserver' with arguments [nogui]
[12Jun2026 21:15:04.814] [main/INFO] [C2ME Modules Manager/]: Initializing com.ishland.c2me.fixes.worldgen.threading_issues.mixin
[12Jun2026 21:15:05.019] [main/WARN] [mixin/]: Reference map 'additionalentityattributes.refmap.json' for additionalentityattributes.mixins.json could not be read. If this is a development environment you can ignore this message
[12Jun2026 21:15:05.021] [main/WARN] [mixin/]: Reference map 'despawntweaker.refmap.json' for despawntweaker.mixins.json could not be read. If this is a development environment you can ignore this message
[12Jun2026 21:15:05.022] [main/WARN] [mixin/]: Reference map 'tinymultiblocklib.refmap.json' for tinymultiblocklib.mixins.json could not be read. If this is a development environment you can ignore this message
[12Jun2026 21:15:05.023] [main/WARN] [mixin/]: Reference map 'tinymultiblocklib.refmap.json' for tinymultiblocklib.neoforge.mixins.json could not be read. If this is a development environment you can ignore this message
[12Jun2026 21:15:05.026] [main/WARN] [mixin/]: Reference map 'alloy_smelter.refmap.json' for alloy_smelter.mixins.json could not be read. If this is a development environment you can ignore this message
[12Jun2026 21:15:05.026] [main/INFO] [C2ME Modules Manager/]: Initializing com.ishland.c2me.rewrites.chunk_serializer.mixin
[12Jun2026 21:15:05.027] [main/INFO] [C2ME Modules Manager/]: Disabling com.ishland.c2me.rewrites.chunk_serializer.mixin
[12Jun2026 21:15:05.029] [main/INFO] [C2ME Modules Manager/]: Initializing com.ishland.c2me.fixes.general.threading_issues.mixin
[12Jun2026 21:15:05.224] [main/INFO] [ModernFix/]: Loaded configuration file for ModernFix 5.27.7+mc1.21.1: 88 options available, 4 override(s) found
[12Jun2026 21:15:05.225] [main/WARN] [ModernFix/]: Option 'mixin.perf.release_protochunks' overriden (by mods [c2me]) to 'false'
[12Jun2026 21:15:05.225] [main/WARN] [ModernFix/]: Option 'mixin.bugfix.paper_chunk_patches' overriden (by mods [c2me]) to 'false'
[12Jun2026 21:15:05.225] [main/WARN] [ModernFix/]: Option 'mixin.perf.cache_strongholds' overriden (by mods [c2me]) to 'false'
[12Jun2026 21:15:05.225] [main/WARN] [ModernFix/]: Option 'mixin.bugfix.chunk_deadlock' overriden (by mods [c2me]) to 'false'
[12Jun2026 21:15:05.226] [main/INFO] [ModernFix/]: Applying Nashorn fix
[12Jun2026 21:15:05.230] [main/WARN] [mixin/]: Reference map 'modernfix.refmap.json' for modernfix-modernfix.mixins.json could not be read. If this is a development environment you can ignore this message
[12Jun2026 21:15:05.413] [main/INFO] [one.pkg.config.SewliaConfig/]: All configurations saved
[12Jun2026 21:15:05.416] [main/INFO] [one.pkg.config.SewliaConfig/]: Reloaded configuration: ModConfig
[12Jun2026 21:15:05.417] [main/INFO] [one.pkg.config.SewliaConfig/]: Successfully initialized configuration manager, loaded 1 configuration classes
[12Jun2026 21:15:05.419] [main/WARN] [mixin/]: Reference map '' for krypton_fnp.mixins.json could not be read. If this is a development environment you can ignore this message
[12Jun2026 21:15:05.421] [main/WARN] [mixin/]: Reference map 'yungsapi.refmap.json' for yungsapi.mixins.json could not be read. If this is a development environment you can ignore this message
[12Jun2026 21:15:05.424] [main/WARN] [mixin/]: Reference map 'maxhealthfix.refmap.json' for maxhealthfix.mixins.json could not be read. If this is a development environment you can ignore this message
[12Jun2026 21:15:05.426] [main/WARN] [mixin/]: Reference map 'kambrik.refmap.json' for kambrik.mixins.json could not be read. If this is a development environment you can ignore this message
[12Jun2026 21:15:05.427] [main/WARN] [mixin/]: Reference map 'guardvillagers.refmap.json' for guardvillagers.mixins.json could not be read. If this is a development environment you can ignore this message
[12Jun2026 21:15:05.431] [main/WARN] [mixin/]: Reference map 'balm.refmap.json' for balm.mixins.json could not be read. If this is a development environment you can ignore this message
[12Jun2026 21:15:05.436] [main/WARN] [mixin/]: Reference map 'prickle.refmap.json' for prickle.mixins.json could not be read. If this is a development environment you can ignore this message
[12Jun2026 21:15:05.437] [main/INFO] [C2ME Modules Manager/]: Initializing com.ishland.c2me.base.mixin
[12Jun2026 21:15:05.525] [main/INFO] [C2ME Config System/]: Global Executor Parallelism: 3 configured, 3 evaluated, 3 default evaluated
[12Jun2026 21:15:05.531] [main/WARN] [mixin/]: Reference map 'crash_assistant.refmap.json' for crash_assistant.mixins.json could not be read. If this is a development environment you can ignore this message
[12Jun2026 21:15:05.535] [main/WARN] [mixin/]: Reference map 'copperagebackport.neoforge.refmap.json' for copperagebackport.neoforge.mixins.json could not be read. If this is a development environment you can ignore this message
[12Jun2026 21:15:05.539] [main/WARN] [mixin/]: Reference map 'unusualend.mixins.refmap.json' for unusualend.mixins.json could not be read. If this is a development environment you can ignore this message
[12Jun2026 21:15:05.543] [main/WARN] [mixin/]: Reference map 'darkerdepths.refmap.json' for darkerdepths.mixins.json could not be read. If this is a development environment you can ignore this message
[12Jun2026 21:15:05.545] [main/INFO] [C2ME Modules Manager/]: Initializing com.ishland.c2me.opts.dfc.mixin
[12Jun2026 21:15:05.546] [main/INFO] [C2ME Modules Manager/]: Disabling com.ishland.c2me.opts.dfc.mixin
[12Jun2026 21:15:05.548] [main/WARN] [mixin/]: Reference map 'curios.refmap.json' for curios.neoforge.mixins.json could not be read. If this is a development environment you can ignore this message
[12Jun2026 21:15:05.550] [main/WARN] [mixin/]: Reference map 'curios.refmap.json' for curios.mixins.json could not be read. If this is a development environment you can ignore this message
[12Jun2026 21:15:05.551] [main/WARN] [mixin/]: Reference map 'searchables.refmap.json' for searchables.mixins.json could not be read. If this is a development environment you can ignore this message
[12Jun2026 21:15:05.551] [main/WARN] [mixin/]: Reference map 'searchables.refmap.json' for searchables.neoforge.mixins.json could not be read. If this is a development environment you can ignore this message
[12Jun2026 21:15:05.558] [main/WARN] [mixin/]: Reference map '' for accessories-common.mixins.json could not be read. If this is a development environment you can ignore this message
[12Jun2026 21:15:05.560] [main/WARN] [mixin/]: Reference map '' for accessories-forge.mixins.json could not be read. If this is a development environment you can ignore this message
[12Jun2026 21:15:05.561] [main/WARN] [mixin/]: Reference map 'betterendisland.refmap.json' for betterendisland.mixins.json could not be read. If this is a development environment you can ignore this message
[12Jun2026 21:15:05.564] [main/WARN] [mixin/]: Reference map 'mowziesmobs.refmap.json' for mowziesmobs.mixins.json could not be read. If this is a development environment you can ignore this message
[12Jun2026 21:15:05.564] [main/INFO] [C2ME Modules Manager/]: Initializing com.ishland.c2me.threading.lighting.mixin
[12Jun2026 21:15:05.567] [main/WARN] [mixin/]: Reference map 'travelerscompass.refmap.json' for travelerscompass.mixins.json could not be read. If this is a development environment you can ignore this message
[12Jun2026 21:15:05.570] [main/WARN] [mixin/]: Reference map 'xmxw.refmap.json' for xmxw.mixins.json could not be read. If this is a development environment you can ignore this message
[12Jun2026 21:15:05.572] [main/WARN] [mixin/]: Reference map 'rpgtimeline.refmap.json' for rpgtimeline.mixins.json could not be read. If this is a development environment you can ignore this message
[12Jun2026 21:15:05.575] [main/WARN] [mixin/]: Reference map 'irons_lib.refmap.json' for irons_lib.mixins.json could not be read. If this is a development environment you can ignore this message
[12Jun2026 21:15:05.683] [main/INFO] [LithiumConfig/]: Option 'mixin.experimental.entity.block_caching.suffocation' requires 'mixin.util.block_tracking=true' but found 'false'. Setting 'mixin.experimental.entity.block_caching.suffocation=false'.
[12Jun2026 21:15:05.683] [main/INFO] [LithiumConfig/]: Option 'mixin.experimental.entity.block_caching.block_support' requires 'mixin.util.block_tracking=true' but found 'false'. Setting 'mixin.experimental.entity.block_caching.block_support=false'.
[12Jun2026 21:15:05.684] [main/INFO] [LithiumConfig/]: Option 'mixin.experimental.entity.block_caching.block_touching' requires 'mixin.util.block_tracking=true' but found 'false'. Setting 'mixin.experimental.entity.block_caching.block_touching=false'.
[12Jun2026 21:15:05.684] [main/INFO] [LithiumConfig/]: Option 'mixin.experimental.entity.block_caching' requires 'mixin.util.block_tracking=true' but found 'false'. Setting 'mixin.experimental.entity.block_caching=false'.
[12Jun2026 21:15:05.684] [main/INFO] [Lithium/]: Loaded configuration file for Lithium: 148 options available, 0 override(s) found
[12Jun2026 21:15:05.689] [main/WARN] [mixin/]: Reference map 'fieldguide.refmap.json' for fieldguide.mixins.json could not be read. If this is a development environment you can ignore this message
[12Jun2026 21:15:05.691] [main/WARN] [mixin/]: Reference map 'attributefix.refmap.json' for attributefix.mixins.json could not be read. If this is a development environment you can ignore this message
[12Jun2026 21:15:05.698] [main/WARN] [mixin/]: Reference map 'fastasyncworldsave.refmap.json' for fastasyncworldsave.mixins.json could not be read. If this is a development environment you can ignore this message
[12Jun2026 21:15:05.701] [main/INFO] [C2ME Modules Manager/]: Initializing com.ishland.c2me.rewrites.chunksystem.mixin
[12Jun2026 21:15:05.707] [main/WARN] [mixin/]: Reference map 'terraentity.refmap.json' for terra_entity.mixins.json could not be read. If this is a development environment you can ignore this message
[12Jun2026 21:15:05.708] [main/WARN] [mixin/]: Reference map 'adventuredungeons.refmap.json' for adventuredungeons.mixins.json could not be read. If this is a development environment you can ignore this message
[12Jun2026 21:15:05.710] [main/INFO] [C2ME Modules Manager/]: Initializing com.ishland.c2me.opts.worldgen.vanilla.mixin
[12Jun2026 21:15:05.712] [main/INFO] [C2ME Modules Manager/]: Initializing com.ishland.c2me.opts.scheduling.mixin
[12Jun2026 21:15:05.716] [main/WARN] [mixin/]: Reference map 'trimmed.refmap.json' for trimmed.mixins.json could not be read. If this is a development environment you can ignore this message
[12Jun2026 21:15:05.717] [main/WARN] [mixin/]: Reference map 'trimmed.refmap.json' for trimmed.neo.mixins.json could not be read. If this is a development environment you can ignore this message
[12Jun2026 21:15:05.717] [main/WARN] [mixin/]: Reference map 'terrablender.refmap.json' for terrablender.mixins.json could not be read. If this is a development environment you can ignore this message
[12Jun2026 21:15:05.718] [main/WARN] [mixin/]: Reference map 'terrablender.refmap.json' for terrablender_neoforge.mixins.json could not be read. If this is a development environment you can ignore this message
[12Jun2026 21:15:05.765] [main/WARN] [mixin/]: Reference map 'particlestorm.refmap.json' for particlestorm.mixins.json could not be read. If this is a development environment you can ignore this message
[12Jun2026 21:15:05.769] [main/WARN] [mixin/]: Reference map 'ponder.refmap.json' for ponder-common.mixins.json could not be read. If this is a development environment you can ignore this message
[12Jun2026 21:15:05.771] [main/WARN] [mixin/]: Reference map 'polymorph.refmap.json' for polymorph.mixins.json could not be read. If this is a development environment you can ignore this message
[12Jun2026 21:15:05.773] [main/WARN] [mixin/]: Reference map 'polymorph.refmap.json' for polymorph-compatibility.mixins.json could not be read. If this is a development environment you can ignore this message
[12Jun2026 21:15:05.773] [main/INFO] [C2ME Modules Manager/]: Initializing com.ishland.c2me.notickvd.mixin
[12Jun2026 21:15:05.796] [main/WARN] [mixin/]: Reference map 'clutternomore.refmap.json' for clutternomore.mixins.json could not be read. If this is a development environment you can ignore this message
[12Jun2026 21:15:05.805] [main/WARN] [mixin/]: Reference map 'pufferfish_unofficial_additions.refmap.json' for pufferfish_unofficial_additions.mixins.json could not be read. If this is a development environment you can ignore this message
[12Jun2026 21:15:05.807] [main/WARN] [mixin/]: Reference map 'gnetum.mixins.refmap.json' for gnetum.mixins.json could not be read. If this is a development environment you can ignore this message
[12Jun2026 21:15:05.856] [main/WARN] [mixin/]: Reference map 'chunksending.refmap.json' for chunksending.mixins.json could not be read. If this is a development environment you can ignore this message
[12Jun2026 21:15:05.862] [main/WARN] [mixin/]: Reference map 'treechop.mixins.refmap.json' for treechop.mixins.json could not be read. If this is a development environment you can ignore this message
[12Jun2026 21:15:05.863] [main/WARN] [mixin/]: Reference map 'kuma_api.refmap.json' for kuma_api.mixins.json could not be read. If this is a development environment you can ignore this message
[12Jun2026 21:15:05.867] [main/WARN] [mixin/]: Reference map 'geckolib.refmap.json' for geckolib.mixins.json could not be read. If this is a development environment you can ignore this message
[12Jun2026 21:15:05.870] [main/INFO] [C2ME Modules Manager/]: Initializing com.ishland.c2me.opts.natives_math.mixin
[12Jun2026 21:15:05.873] [main/WARN] [C2ME Modules Manager/]: Disabling com.ishland.c2me.opts.natives_math.mixin due to incompatible Java version, see debug logs for details
[12Jun2026 21:15:05.873] [main/INFO] [C2ME Modules Manager/]: Disabling com.ishland.c2me.opts.natives_math.mixin
[12Jun2026 21:15:05.876] [main/WARN] [mixin/]: Reference map 'emberstextapi.refmap.json' for emberstextapi.mixins.json could not be read. If this is a development environment you can ignore this message
[12Jun2026 21:15:05.878] [main/WARN] [mixin/]: Reference map 'structureessentials.refmap.json' for structureessentials.mixins.json could not be read. If this is a development environment you can ignore this message
[12Jun2026 21:15:05.883] [main/WARN] [mixin/]: Reference map 'bookshelf.refmap.json' for bookshelf.mixins.json could not be read. If this is a development environment you can ignore this message
[12Jun2026 21:15:05.884] [main/INFO] [C2ME Modules Manager/]: Initializing com.ishland.c2me.opts.math.mixin
[12Jun2026 21:15:05.890] [main/WARN] [mixin/]: Reference map 'melody.refmap.json' for melody.mixins.json could not be read. If this is a development environment you can ignore this message
[12Jun2026 21:15:05.891] [main/WARN] [mixin/]: Reference map 'melody.refmap.json' for melody.neoforge.mixins.json could not be read. If this is a development environment you can ignore this message
[12Jun2026 21:15:05.891] [main/WARN] [mixin/]: Reference map 'shieldexp.refmap.json' for shieldexp.mixins.json could not be read. If this is a development environment you can ignore this message
[12Jun2026 21:15:05.892] [main/WARN] [mixin/]: Reference map 'shieldexp.refmap.json' for shieldexp.neoforge.mixins.json could not be read. If this is a development environment you can ignore this message
[12Jun2026 21:15:05.919] [main/WARN] [mixin/]: Reference map 'dragonfight.refmap.json' for dragonfight.mixins.json could not be read. If this is a development environment you can ignore this message
[12Jun2026 21:15:05.919] [main/INFO] [C2ME Modules Manager/]: Initializing com.ishland.c2me.fixes.worldgen.vanilla_bugs.mixin
[12Jun2026 21:15:05.925] [main/WARN] [mixin/]: Reference map 'konkrete.refmap.json' for konkrete.mixins.json could not be read. If this is a development environment you can ignore this message
[12Jun2026 21:15:05.926] [main/WARN] [mixin/]: Reference map 'konkrete.refmap.json' for konkrete.neoforge.mixins.json could not be read. If this is a development environment you can ignore this message
[12Jun2026 21:15:05.926] [main/WARN] [mixin/]: Reference map 'luckysshowcase.refmap.json' for luckysshowcase.mixins.json could not be read. If this is a development environment you can ignore this message
[12Jun2026 21:15:05.928] [main/WARN] [mixin/]: Reference map 'getittogetherdrops.refmap.json' for getittogetherdrops.mixins.json could not be read. If this is a development environment you can ignore this message
[12Jun2026 21:15:05.928] [main/INFO] [C2ME Modules Manager/]: Initializing com.ishland.c2me.fixes.chunkio.threading_issues.mixin
[12Jun2026 21:15:05.930] [main/WARN] [mixin/]: Reference map 'endrem.refmap.json' for endrem.mixins.json could not be read. If this is a development environment you can ignore this message
[12Jun2026 21:15:05.931] [main/INFO] [C2ME Modules Manager/]: Initializing com.ishland.c2me.client.uncapvd.mixin
[12Jun2026 21:15:05.934] [main/WARN] [mixin/]: Reference map 'lionfishapi.refmap.json' for lionfishapi.mixins.json could not be read. If this is a development environment you can ignore this message
[12Jun2026 21:15:05.935] [main/WARN] [mixin/]: Reference map 'bountiful.refmap.json' for bountiful.mixins.json could not be read. If this is a development environment you can ignore this message
[12Jun2026 21:15:05.936] [main/WARN] [mixin/]: Reference map 'cataclysm.refmap.json' for cataclysm.mixins.json could not be read. If this is a development environment you can ignore this message
[12Jun2026 21:15:05.946] [main/WARN] [mixin/]: Reference map 'cupboard.refmap.json' for cupboard.mixins.json could not be read. If this is a development environment you can ignore this message
[12Jun2026 21:15:05.947] [main/INFO] [C2ME Modules Manager/]: Initializing com.ishland.c2me.rewrites.chunkio.mixin
[12Jun2026 21:15:05.950] [main/INFO] [C2ME Modules Manager/]: Initializing com.ishland.c2me.opts.allocs.mixin
[12Jun2026 21:15:05.954] [main/WARN] [mixin/]: Reference map 'fixmyspawnr.refmap.json' for fixmyspawnr.mixins.json could not be read. If this is a development environment you can ignore this message
[12Jun2026 21:15:05.956] [main/WARN] [mixin/]: Reference map 'limitedchunks.refmap.json' for limitedchunks.mixins.json could not be read. If this is a development environment you can ignore this message
[12Jun2026 21:15:05.960] [main/WARN] [mixin/]: Reference map '' for accessories_compat_layer-common.mixins.json could not be read. If this is a development environment you can ignore this message
[12Jun2026 21:15:05.964] [main/WARN] [mixin/]: Reference map '' for accessories_compat_layer-trinkets.mixins.json could not be read. If this is a development environment you can ignore this message
[12Jun2026 21:15:05.967] [main/WARN] [mixin/]: Reference map '' for accessories_compat_layer-curios.mixins.json could not be read. If this is a development environment you can ignore this message
[12Jun2026 21:15:06.015] [main/WARN] [mixin/]: Reference map 'chloride.mixin-refmap.json' for chloride.mixin.json could not be read. If this is a development environment you can ignore this message
[12Jun2026 21:15:06.016] [main/WARN] [mixin/]: Reference map 'waystones.refmap.json' for waystones.mixins.json could not be read. If this is a development environment you can ignore this message
[12Jun2026 21:15:06.017] [main/WARN] [mixin/]: Reference map 'clumps.refmap.json' for clumps.mixins.json could not be read. If this is a development environment you can ignore this message
[12Jun2026 21:15:06.018] [main/WARN] [mixin/]: Reference map 'numismaticoverhaul.refmap.json' for numismaticoverhaul.mixins.json could not be read. If this is a development environment you can ignore this message
[12Jun2026 21:15:06.024] [main/WARN] [mixin/]: Reference map '${mod_id}.refmap.json' for regions_unexplored.mixins.json could not be read. If this is a development environment you can ignore this message
[12Jun2026 21:15:06.025] [main/WARN] [mixin/]: Reference map '${mod_id}.refmap.json' for regions_unexplored.neoforge.mixins.json could not be read. If this is a development environment you can ignore this message
[12Jun2026 21:15:06.027] [main/INFO] [C2ME Modules Manager/]: Initializing com.ishland.c2me.server.utils.mixin
[12Jun2026 21:15:06.063] [main/WARN] [mixin/]: Reference map 'irons_spellbooks.refmap.json' for irons_spellbooks.mixins.json could not be read. If this is a development environment you can ignore this message
[12Jun2026 21:15:06.065] [main/INFO] [C2ME Modules Manager/]: Initializing com.ishland.c2me.opts.worldgen.general.mixin
[12Jun2026 21:15:06.068] [main/INFO] [C2ME Modules Manager/]: Initializing com.ishland.c2me.opts.chunkio.mixin
[12Jun2026 21:15:06.071] [main/WARN] [mixin/]: Reference map 'confluence_magic_lib.refmap.json' for confluence_magic_lib.mixins.json could not be read. If this is a development environment you can ignore this message
[12Jun2026 21:15:06.090] [main/WARN] [mixin/]: Reference map '${refmap_target}refmap.json' for ferritecore.predicates.mixin.json could not be read. If this is a development environment you can ignore this message
[12Jun2026 21:15:06.092] [main/WARN] [mixin/]: Reference map '${refmap_target}refmap.json' for ferritecore.fastmap.mixin.json could not be read. If this is a development environment you can ignore this message
[12Jun2026 21:15:06.093] [main/WARN] [mixin/]: Reference map '${refmap_target}refmap.json' for ferritecore.mrl.mixin.json could not be read. If this is a development environment you can ignore this message
[12Jun2026 21:15:06.094] [main/WARN] [mixin/]: Reference map '${refmap_target}refmap.json' for ferritecore.dedupmultipart.mixin.json could not be read. If this is a development environment you can ignore this message
[12Jun2026 21:15:06.095] [main/WARN] [mixin/]: Reference map '${refmap_target}refmap.json' for ferritecore.blockstatecache.mixin.json could not be read. If this is a development environment you can ignore this message
[12Jun2026 21:15:06.097] [main/WARN] [mixin/]: Reference map '${refmap_target}refmap.json' for ferritecore.dedupbakedquad.mixin.json could not be read. If this is a development environment you can ignore this message
[12Jun2026 21:15:06.098] [main/WARN] [mixin/]: Reference map '${refmap_target}refmap.json' for ferritecore.threaddetec.mixin.json could not be read. If this is a development environment you can ignore this message
[12Jun2026 21:15:06.099] [main/WARN] [mixin/]: Reference map '${refmap_target}refmap.json' for ferritecore.modelsides.mixin.json could not be read. If this is a development environment you can ignore this message
[12Jun2026 21:15:06.102] [main/WARN] [mixin/]: Reference map '${refmap_target}refmap.json' for ferritecore.datacomponents.mixin.json could not be read. If this is a development environment you can ignore this message
[12Jun2026 21:15:06.102] [main/WARN] [mixin/]: Reference map '${refmap_target}refmap.json' for ferritecore.accessors.mixin.json could not be read. If this is a development environment you can ignore this message
[12Jun2026 21:15:06.103] [main/WARN] [mixin/]: Reference map 'yet_another_config_lib_v3.refmap.json' for yacl.mixins.json could not be read. If this is a development environment you can ignore this message
[12Jun2026 21:15:06.103] [main/WARN] [mixin/]: Reference map 'kaleidoscope_cookery.refmap.json' for kaleidoscope_cookery.mixins.json could not be read. If this is a development environment you can ignore this message
[12Jun2026 21:15:06.950] [main/WARN] [mixin/]: Error loading class: tschipp/carryon/common/config/ListHandler (java.lang.ClassNotFoundException: tschipp.carryon.common.config.ListHandler)
[12Jun2026 21:15:06.950] [main/WARN] [mixin/]: @Mixin target tschipp.carryon.common.config.ListHandler was not found tinymultiblocklib.mixins.json:carryon.ListHandlerMixin from mod tinymultiblocklib
[12Jun2026 21:15:06.952] [main/WARN] [mixin/]: Error loading class: tschipp/carryon/common/carry/PickupHandler (java.lang.ClassNotFoundException: tschipp.carryon.common.carry.PickupHandler)
[12Jun2026 21:15:06.952] [main/WARN] [mixin/]: @Mixin target tschipp.carryon.common.carry.PickupHandler was not found tinymultiblocklib.mixins.json:carryon.PickupHandlerMixin from mod tinymultiblocklib
[12Jun2026 21:15:07.212] [main/INFO] [KryptonFNP MixinBootstrap/]: Mixin one.pkg.kfnp.mixin.network.experimental.RconClientMixin disabled
[12Jun2026 21:15:07.213] [main/INFO] [KryptonFNP MixinBootstrap/]: Mixin one.pkg.kfnp.mixin.network.microopt.ServerEntityMixin enabled
[12Jun2026 21:15:07.214] [main/INFO] [KryptonFNP MixinBootstrap/]: Mixin one.pkg.kfnp.mixin.network.microopt.Utf8StringMixin enabled
[12Jun2026 21:15:07.215] [main/INFO] [KryptonFNP MixinBootstrap/]: Mixin one.pkg.kfnp.mixin.network.microopt.VarIntMixin enabled
[12Jun2026 21:15:07.216] [main/INFO] [KryptonFNP MixinBootstrap/]: Mixin one.pkg.kfnp.mixin.network.microopt.VarLongMixin enabled
[12Jun2026 21:15:07.216] [main/INFO] [KryptonFNP MixinBootstrap/]: Mixin one.pkg.kfnp.mixin.network.pipeline.LegacyQueryHandlerMixin enabled
[12Jun2026 21:15:07.218] [main/INFO] [KryptonFNP MixinBootstrap/]: Mixin one.pkg.kfnp.mixin.network.pipeline.Varint21FrameDecoderMixin enabled
[12Jun2026 21:15:07.219] [main/INFO] [KryptonFNP MixinBootstrap/]: Mixin one.pkg.kfnp.mixin.network.pipeline.compression.ConnectionMixin enabled
[12Jun2026 21:15:07.219] [main/INFO] [KryptonFNP MixinBootstrap/]: Mixin one.pkg.kfnp.mixin.network.pipeline.encryption.ConnectionMixin enabled
[12Jun2026 21:15:07.220] [main/INFO] [KryptonFNP MixinBootstrap/]: Mixin one.pkg.kfnp.mixin.network.pipeline.encryption.ServerLoginPacketListenerImplMixin enabled
[12Jun2026 21:15:07.220] [main/INFO] [KryptonFNP MixinBootstrap/]: Mixin one.pkg.kfnp.mixin.network.pipeline.prepender.ConnectionMixin enabled
[12Jun2026 21:15:07.220] [main/INFO] [KryptonFNP MixinBootstrap/]: Mixin one.pkg.kfnp.mixin.network.thread.ServerLoginPacketListenerImplMixin enabled
[12Jun2026 21:15:07.696] [main/WARN] [mixin/]: Error loading class: traben/entity_model_features/models/animation/EMFAnimationEntityContext (java.lang.ClassNotFoundException: traben.entity_model_features.models.animation.EMFAnimationEntityContext)
[12Jun2026 21:15:07.701] [main/WARN] [mixin/]: Error loading class: earth/terrarium/handcrafted/common/blocks/FancyBedBlock (java.lang.ClassNotFoundException: earth.terrarium.handcrafted.common.blocks.FancyBedBlock)
[12Jun2026 21:15:08.525] [main/ERROR] [net.neoforged.fml.common.asm.RuntimeDistCleaner/DISTXFORM]: Attempted to load class net/minecraft/client/Minecraft for invalid dist DEDICATED_SERVER
[12Jun2026 21:15:08.529] [main/WARN] [mixin/]: Error loading class: net/minecraft/client/Minecraft (java.lang.RuntimeException: Attempted to load class net/minecraft/client/Minecraft for invalid dist DEDICATED_SERVER)
[12Jun2026 21:15:08.530] [main/WARN] [mixin/]: @Mixin target net.minecraft.client.Minecraft was not found shield_api.mixins.json:client.MinecraftClientMixin from mod shield_api
[12Jun2026 21:15:08.583] [main/WARN] [mixin/]: Error loading class: mod/azure/azurelib/common/internal/common/loading/FileLoader (java.lang.ClassNotFoundException: mod.azure.azurelib.common.internal.common.loading.FileLoader)
[12Jun2026 21:15:08.586] [main/WARN] [mixin/]: Error loading class: mod/azure/azurelib/common/loading/FileLoader (java.lang.ClassNotFoundException: mod.azure.azurelib.common.loading.FileLoader)
[12Jun2026 21:15:08.607] [main/INFO] [C2ME Config System/]: Disabling config vanillaWorldGenOptimizations.useEndBiomeCache: Incompatible with biolith@3.0.11 (*) (defined in c2me)
[12Jun2026 21:15:08.942] [main/INFO] [com.cupboard.Cupboard/]: Loaded config for: structureessentials.json
[12Jun2026 21:15:09.118] [main/WARN] [mixin/]: Error loading class: net/minecraft/client/OptionInstance (java.lang.ClassNotFoundException: net.minecraft.client.OptionInstance)
[12Jun2026 21:15:09.118] [main/WARN] [mixin/]: @Mixin target net.minecraft.client.OptionInstance was not found c2me-client-uncapvd.mixins.json:ISimpleOption from mod c2me_client_uncapvd
[12Jun2026 21:15:09.122] [main/ERROR] [net.neoforged.fml.common.asm.RuntimeDistCleaner/DISTXFORM]: Attempted to load class net/minecraft/client/Options for invalid dist DEDICATED_SERVER
[12Jun2026 21:15:09.123] [main/WARN] [mixin/]: Error loading class: net/minecraft/client/Options (java.lang.RuntimeException: Attempted to load class net/minecraft/client/Options for invalid dist DEDICATED_SERVER)
[12Jun2026 21:15:09.123] [main/WARN] [mixin/]: @Mixin target net.minecraft.client.Options was not found c2me-client-uncapvd.mixins.json:MixinGameOptions from mod c2me_client_uncapvd
[12Jun2026 21:15:09.125] [main/WARN] [mixin/]: Error loading class: me/jellysquid/mods/sodium/client/gui/SodiumGameOptionPages (java.lang.ClassNotFoundException: me.jellysquid.mods.sodium.client.gui.SodiumGameOptionPages)
[12Jun2026 21:15:09.127] [main/WARN] [mixin/]: Error loading class: net/caffeinemc/sodium/config/user/UserConfigCategories (java.lang.ClassNotFoundException: net.caffeinemc.sodium.config.user.UserConfigCategories)
[12Jun2026 21:15:09.129] [main/WARN] [mixin/]: Error loading class: net/caffeinemc/mods/sodium/client/gui/SodiumGameOptionPages (java.lang.ClassNotFoundException: net.caffeinemc.mods.sodium.client.gui.SodiumGameOptionPages)
[12Jun2026 21:15:09.130] [main/WARN] [mixin/]: Error loading class: net/vulkanmod/config/option/Options (java.lang.ClassNotFoundException: net.vulkanmod.config.option.Options)
[12Jun2026 21:15:09.920] [main/ERROR] [net.neoforged.fml.common.asm.RuntimeDistCleaner/DISTXFORM]: Attempted to load class net/minecraft/client/player/AbstractClientPlayer for invalid dist DEDICATED_SERVER
[12Jun2026 21:15:09.921] [main/WARN] [mixin/]: Error loading class: net/minecraft/client/player/AbstractClientPlayer (java.lang.RuntimeException: Attempted to load class net/minecraft/client/player/AbstractClientPlayer for invalid dist DEDICATED_SERVER)
[12Jun2026 21:15:09.921] [main/WARN] [mixin/]: @Mixin target net.minecraft.client.player.AbstractClientPlayer was not found mixins.create_sa.json:AbstractClientPlayerMixin from mod create_sa
[12Jun2026 21:15:10.797] [main/WARN] [mixin/]: Error loading class: mod/azure/azurelib/common/internal/common/loading/FileLoader (java.lang.ClassNotFoundException: mod.azure.azurelib.common.internal.common.loading.FileLoader)
[12Jun2026 21:15:10.799] [main/WARN] [mixin/]: Error loading class: mod/azure/azurelib/common/loading/FileLoader (java.lang.ClassNotFoundException: mod.azure.azurelib.common.loading.FileLoader)
[12Jun2026 21:15:10.800] [main/WARN] [mixin/]: Error loading class: mod/azure/azurelib/common/internal/common/loading/FileLoader (java.lang.ClassNotFoundException: mod.azure.azurelib.common.internal.common.loading.FileLoader)
[12Jun2026 21:15:10.801] [main/WARN] [mixin/]: Error loading class: mod/azure/azurelib/common/loading/FileLoader (java.lang.ClassNotFoundException: mod.azure.azurelib.common.loading.FileLoader)
[12Jun2026 21:15:11.017] [main/WARN] [mixin/]: Error loading class: org/jetbrains/annotations/ApiStatus$ScheduledForRemoval (java.lang.ClassNotFoundException: org.jetbrains.annotations.ApiStatus$ScheduledForRemoval)
[12Jun2026 21:15:11.498] [main/INFO] [MixinExtras|Service/]: Initializing MixinExtras via com.llamalad7.mixinextras.service.MixinExtrasServiceImpl(version=0.5.3).
[12Jun2026 21:15:13.017] [main/INFO] [net.minecraft.server.Bootstrap/]: ModernFix reached bootstrap stage (20.61 s after launch)
[12Jun2026 21:15:14.302] [main/WARN] [mixinsquared-canceller/]: Cancelled mixin top.theillusivec4.curios.mixin.core.MixinLivingEntity. Check debug logs for more information.
[12Jun2026 21:15:15.064] [main/INFO] [ModernFix/]: Injecting BlockStateBase cache population hook into getOpacityIfCached from ca.spottedleaf.starlight.mixin.common.blockstate.BlockStateBaseMixin
[12Jun2026 21:15:15.064] [main/INFO] [ModernFix/]: Injecting BlockStateBase cache population hook into isConditionallyFullOpaque from ca.spottedleaf.starlight.mixin.common.blockstate.BlockStateBaseMixin
[12Jun2026 21:15:15.065] [main/INFO] [ModernFix/]: Injecting BlockStateBase cache population hook into scalablelux$actuallyDynamicLightEmission from ca.spottedleaf.starlight.mixin.common.blockstate.BlockStateBaseMixin
[12Jun2026 21:15:15.927] [main/WARN] [mixinsquared-canceller/]: Cancelled mixin top.theillusivec4.curios.mixin.core.MixinPowderSnowBlock. Check debug logs for more information.
[12Jun2026 21:15:16.356] [main/WARN] [mixin/]: Method overwrite conflict for setDuration in pastel.mixins.json:accessors.StatusEffectInstanceAccessor from mod pastel, previously written by earth.terrarium.pastel.mixin.MobEffectInstanceMixin. Skipping method.
[12Jun2026 21:15:16.356] [main/WARN] [mixin/]: Method overwrite conflict for setAmplifier in pastel.mixins.json:accessors.StatusEffectInstanceAccessor from mod pastel, previously written by earth.terrarium.pastel.mixin.MobEffectInstanceMixin. Skipping method.
[12Jun2026 21:15:16.791] [main/WARN] [mixin/]: Method overwrite conflict for getTemperature in lithium.mixins.json:world.temperature_cache.BiomeMixin from mod lithium, previously written by org.embeddedt.modernfix.common.mixin.perf.remove_biome_temperature_cache.BiomeMixin. Skipping method.
[12Jun2026 21:15:19.935] [main/WARN] [mixinsquared-canceller/]: Cancelled mixin top.theillusivec4.curios.mixin.core.MixinInventory. Check debug logs for more information.
[12Jun2026 21:15:20.208] [main/WARN] [mixinsquared-canceller/]: Cancelled mixin top.theillusivec4.curios.mixin.core.MixinEnchantedCountIncreaseFunction. Check debug logs for more information.
[12Jun2026 21:15:20.232] [main/WARN] [mixinsquared-canceller/]: Cancelled mixin top.theillusivec4.curios.mixin.core.MixinApplyBonusCount. Check debug logs for more information.
[12Jun2026 21:15:21.267] [main/INFO] [net.minecraft.server.Bootstrap/]: Vanilla bootstrap took 8239 milliseconds
[12Jun2026 21:15:21.665] [modloading-worker-0/INFO] [net.neoforged.neoforge.common.NeoForgeMod/NEOFORGE-MOD]: NeoForge mod loading, version 21.1.230, for MC 1.21.1
[12Jun2026 21:15:21.672] [modloading-worker-0/INFO] [ModSharedBootstrap/]: KryptonFNP is now accelerating your Minecraft server's networking stack 🚀
[12Jun2026 21:15:21.784] [modloading-worker-0/INFO] [ModSharedBootstrap/]: Compression will use libdeflate (Linux x86_64), encryption will use OpenSSL 3.x.x (Linux x86_64)
[12Jun2026 21:15:21.884] [modloading-worker-0/INFO] [biolith/]: Biolith for NeoForge is initializing...
[12Jun2026 21:15:21.889] [modloading-worker-0/INFO] [biolith/]: Enabling Biolith's TerraBlender compatibility layer.
[12Jun2026 21:15:22.184] [modloading-worker-0/INFO] [Copper-Age-Backport/]: Loaded config: golemBuildSpawning=true, golemPressesButtons=true, buttonPressChance=5%, golemTransportStackSize=16, weatheringTickFrom=504000, weatheringTickTo=552000
[12Jun2026 21:15:22.206] [modloading-worker-0/INFO] [Copper-Age-Backport/]: Initializing Copper-Age-Backport on NeoForge
[12Jun2026 21:15:22.208] [modloading-worker-0/INFO] [Copper-Age-Backport/]: Registering sounds for Copper-Age-Backport
[12Jun2026 21:15:22.210] [modloading-worker-0/INFO] [Copper-Age-Backport/]: Registering Copper Armor Material for Copper-Age-Backport
[12Jun2026 21:15:22.212] [modloading-worker-0/INFO] [Copper-Age-Backport/]: Registering memory module types for Copper-Age-Backport
[12Jun2026 21:15:22.216] [modloading-worker-0/INFO] [Copper-Age-Backport/]: Registering particles for Copper-Age-Backport
[12Jun2026 21:15:22.219] [modloading-worker-0/INFO] [Copper-Age-Backport/]: Registering blocks for Copper-Age-Backport
[12Jun2026 21:15:22.268] [modloading-worker-0/INFO] [Kambrik/]: Creating Kambrik Shared API...
[12Jun2026 21:15:22.268] [modloading-worker-0/INFO] [Kambrik/]: Eh?
[12Jun2026 21:15:22.273] [modloading-worker-0/INFO] [Copper-Age-Backport/]: Registering block entities for Copper-Age-Backport
[12Jun2026 21:15:22.276] [modloading-worker-0/INFO] [Copper-Age-Backport/]: Registering entities for Copper-Age-Backport
[12Jun2026 21:15:22.289] [modloading-worker-0/INFO] [Copper-Age-Backport/]: Registering items for Copper-Age-Backport
[12Jun2026 21:15:22.304] [modloading-worker-0/INFO] [Copper-Age-Backport/]: ModCompat: Registered compatibility module for 'sophisticatedstorage'
[12Jun2026 21:15:22.305] [modloading-worker-0/INFO] [Copper-Age-Backport/]: ModCompat: Initializing 1 compatibility modules...
[12Jun2026 21:15:22.489] [modloading-worker-0/INFO] [Copper-Age-Backport/]: ModCompat: Initialized compatibility for 'sophisticatedstorage'
[12Jun2026 21:15:22.570] [modloading-worker-0/INFO] [Copper-Age-Backport/]: ModCompat: Initialization complete. 1 chest handlers, 1 container handlers registered.
[12Jun2026 21:15:22.570] [modloading-worker-0/INFO] [Copper-Age-Backport/]: Copper-Age-Backport initialized successfully!
[12Jun2026 21:15:23.112] [modloading-worker-0/INFO] [Puzzles Lib/]: Constructing common components for metalbundles:main
[12Jun2026 21:15:23.255] [modloading-worker-0/INFO] [Puzzles Lib/]: Constructing common components for echochest:main
[12Jun2026 21:15:23.304] [modloading-worker-0/INFO] [noisium/]: Loading Noisium.
[12Jun2026 21:15:23.525] [modloading-worker-0/INFO] [RPG Calendar/]: RPG Calendar init on NeoForge (production)
[12Jun2026 21:15:23.564] [modloading-worker-0/INFO] [accessories_compat_layer/]: Setting up compat modules for Accessories!
[12Jun2026 21:15:23.612] [modloading-worker-0/INFO] [pastel/]: [pastel] Loading config file...
[12Jun2026 21:15:23.666] [modloading-worker-0/INFO] [saintsdragons/]: Raised MAX_HEALTH attribute cap to 100000.0
[12Jun2026 21:15:23.667] [modloading-worker-0/INFO] [saintsdragons/]: Raised ARMOR attribute cap to 100000.0
[12Jun2026 21:15:23.687] [modloading-worker-0/INFO] [com.leclowndu93150.corpsecurioscompat.Main/]: Hello from Corpse Curios Compat!
[12Jun2026 21:15:23.694] [modloading-worker-0/INFO] [shield_api/]: Shield API initialized!
[12Jun2026 21:15:23.716] [modloading-worker-0/INFO] [pastel/]: [pastel] Finished loading config file.
[12Jun2026 21:15:23.716] [modloading-worker-0/INFO] [pastel/]: [pastel] Starting Common Startup
[12Jun2026 21:15:23.893] [modloading-worker-0/INFO] [AdventureDungeons/]: Hello NeoForge world!
[12Jun2026 21:15:23.897] [modloading-worker-0/INFO] [AdventureDungeons/]: Hello from Common init on NeoForge! we are currently in a production environment!
[12Jun2026 21:15:23.897] [modloading-worker-0/INFO] [AdventureDungeons/]: The ID for diamonds is minecraft:diamond
[12Jun2026 21:15:23.897] [modloading-worker-0/INFO] [AdventureDungeons/]: Hello to adventuredungeons
[12Jun2026 21:15:24.131] [modloading-worker-0/INFO] [ClutterNoMore/]: Initializing clutternomore on neoforge
[12Jun2026 21:15:24.257] [modloading-worker-0/INFO] [pastel/]: [pastel] Registering Component Types...
[12Jun2026 21:15:24.340] [modloading-worker-0/INFO] [pastel/]: [pastel] Registering Block / Item Color Registries...
[12Jun2026 21:15:24.353] [modloading-worker-0/INFO] [pastel/]: [pastel] Registering Status Effects...
[12Jun2026 21:15:24.363] [modloading-worker-0/INFO] [pastel/]: [pastel] Registering Advancement Criteria...
[12Jun2026 21:15:24.396] [modloading-worker-0/INFO] [pastel/]: [pastel] Registering Particle Types...
[12Jun2026 21:15:24.401] [modloading-worker-0/INFO] [pastel/]: [pastel] Registering Sound Events...
[12Jun2026 21:15:24.411] [modloading-worker-0/INFO] [pastel/]: [pastel] Registering BlockSound Groups...
[12Jun2026 21:15:24.414] [modloading-worker-0/INFO] [necronomicon/]: Necronomicon Initialized
[12Jun2026 21:15:24.418] [modloading-worker-0/INFO] [pastel/]: [pastel] Registering Fluids...
[12Jun2026 21:15:24.419] [modloading-worker-0/INFO] [necronomicon/]: File exists, reading config for elocindev.necronomicon.NecronomiconConfig.
[12Jun2026 21:15:24.421] [modloading-worker-0/INFO] [necronomicon/]: Config for elocindev.necronomicon.NecronomiconConfig read successfully.
[12Jun2026 21:15:24.435] [modloading-worker-0/INFO] [pastel/]: [pastel] Registering Armor Materials...
[12Jun2026 21:15:24.438] [modloading-worker-0/INFO] [pastel/]: [pastel] Registering Blocks...
[12Jun2026 21:15:24.453] [modloading-worker-0/INFO] [Puzzles Lib/]: Constructing common components for iteminteractions:main
[12Jun2026 21:15:24.535] [modloading-worker-0/INFO] [thedarkcolour.kotlinforforge.neoforge.test.KotlinForForge/]: Kotlin For Forge Enabled!
[12Jun2026 21:15:24.547] [modloading-worker-0/INFO] [com.simibubi.create.Create/]: Create 6.0.10 initializing! Commit hash: ac0c444d9828da3453ae8cc65338e8de063286fb
[12Jun2026 21:15:24.938] [modloading-worker-0/INFO] [Puzzles Lib/]: Constructing common components for puzzleslib:main
[12Jun2026 21:15:25.108] [modloading-worker-0/INFO] [it.hurts.shatterbyte.reanimal.ReAnimal/]: ReAnimal initialized
[12Jun2026 21:15:25.225] [modloading-worker-0/INFO] [pastel/]: [pastel] Registering Items...
[12Jun2026 21:15:25.235] [modloading-worker-0/INFO] [pastel/]: [pastel] Registering Block Entities...
[12Jun2026 21:15:25.356] [modloading-worker-0/INFO] [pastel/]: [pastel] Registering Capabilities...
[12Jun2026 21:15:25.358] [modloading-worker-0/INFO] [pastel/]: [pastel] Registering Data Attachments...
[12Jun2026 21:15:25.362] [modloading-worker-0/INFO] [pastel/]: [pastel] Registering Pastel Upgrades...
[12Jun2026 21:15:25.366] [modloading-worker-0/INFO] [pastel/]: [pastel] Registering Stamp Categories...
[12Jun2026 21:15:25.373] [modloading-worker-0/INFO] [pastel/]: [pastel] Registering Features...
[12Jun2026 21:15:25.381] [modloading-worker-0/INFO] [net.tysontheember.emberstextapi.EmbersTextAPI/]: EmbersTextAPI NeoForge 1.21.1 initializing...
[12Jun2026 21:15:25.401] [modloading-worker-0/INFO] [Puzzles Lib/]: Constructing common components for fastitemframes:main
[12Jun2026 21:15:25.439] [modloading-worker-0/INFO] [pastel/]: [pastel] Registering Structure Types...
[12Jun2026 21:15:25.443] [modloading-worker-0/INFO] [pastel/]: [pastel] Registering Dimension...
[12Jun2026 21:15:25.443] [modloading-worker-0/INFO] [pastel/]: [pastel] Registering Recipe Types...
[12Jun2026 21:15:25.698] [modloading-worker-0/INFO] [pastel/]: [pastel] Registering Loot Conditions & Functions...
[12Jun2026 21:15:25.719] [modloading-worker-0/INFO] [pastel/]: [pastel] Setting up server side Mod Compat...
[12Jun2026 21:15:25.721] [modloading-worker-0/WARN] [de.keksuccino.melody.Melody/]: [MELODY] Disabling Melody since it's loaded server-side.
[12Jun2026 21:15:25.780] [modloading-worker-0/INFO] [pastel/]: [pastel] Registering Screen Handler Types...
[12Jun2026 21:15:25.819] [modloading-worker-0/INFO] [pastel/]: [pastel] Registering Default Item Stack Damage Immunities...
[12Jun2026 21:15:25.821] [modloading-worker-0/INFO] [pastel/]: [pastel] Registering Variant Specific Predicates...
[12Jun2026 21:15:25.846] [modloading-worker-0/INFO] [pastel/]: [pastel] Registering Entities...
[12Jun2026 21:15:25.848] [modloading-worker-0/INFO] [pastel/]: [pastel] Registering Omni Accelerator Projectiles & Behaviors...
[12Jun2026 21:15:25.855] [modloading-worker-0/INFO] [de.keksuccino.konkrete.Konkrete/]: [KONKRETE] Loading v1.9.9 in server-side mode on NEOFORGE!
[12Jun2026 21:15:25.855] [modloading-worker-0/INFO] [de.keksuccino.konkrete.Konkrete/]: ---------------------------
[12Jun2026 21:15:25.855] [modloading-worker-0/INFO] [de.keksuccino.konkrete.Konkrete/]: KONKRETE SHIPS AND USES THE FOLLOWING LIBRARIES:
[12Jun2026 21:15:25.855] [modloading-worker-0/INFO] [de.keksuccino.konkrete.Konkrete/]:  
[12Jun2026 21:15:25.855] [modloading-worker-0/INFO] [de.keksuccino.konkrete.Konkrete/]: Open Imaging Copyright © 2014 Dhyan Blum.
[12Jun2026 21:15:25.855] [modloading-worker-0/INFO] [de.keksuccino.konkrete.Konkrete/]: Open Imaging is licensed under Apache-2.0.
[12Jun2026 21:15:25.856] [modloading-worker-0/INFO] [de.keksuccino.konkrete.Konkrete/]:  
[12Jun2026 21:15:25.856] [modloading-worker-0/INFO] [de.keksuccino.konkrete.Konkrete/]: JsonPath Copyright © 2017 Jayway.
[12Jun2026 21:15:25.856] [modloading-worker-0/INFO] [de.keksuccino.konkrete.Konkrete/]: JsonPath is licensed under Apache-2.0.
[12Jun2026 21:15:25.856] [modloading-worker-0/INFO] [de.keksuccino.konkrete.Konkrete/]:  
[12Jun2026 21:15:25.856] [modloading-worker-0/INFO] [de.keksuccino.konkrete.Konkrete/]: Json-smart Copyright © netplex.
[12Jun2026 21:15:25.856] [modloading-worker-0/INFO] [de.keksuccino.konkrete.Konkrete/]: Json-smart is licensed under Apache-2.0.
[12Jun2026 21:15:25.856] [modloading-worker-0/INFO] [de.keksuccino.konkrete.Konkrete/]:  
[12Jun2026 21:15:25.856] [modloading-worker-0/INFO] [de.keksuccino.konkrete.Konkrete/]: Exp4j Copyright © Frank Asseg.
[12Jun2026 21:15:25.856] [modloading-worker-0/INFO] [de.keksuccino.konkrete.Konkrete/]: Exp4j is licensed under Apache-2.0. https://github.com/fasseg/exp4j
[12Jun2026 21:15:25.856] [modloading-worker-0/INFO] [de.keksuccino.konkrete.Konkrete/]: ---------------------------
[12Jun2026 21:15:25.856] [modloading-worker-0/INFO] [de.keksuccino.konkrete.Konkrete/]: [KONKRETE] Server-side modules initialized and ready to use!
[12Jun2026 21:15:25.872] [modloading-worker-0/INFO] [pastel/]: [pastel] Registering Commands...
[12Jun2026 21:15:25.873] [modloading-worker-0/INFO] [pastel/]: [pastel] Registering Networking Packets...
[12Jun2026 21:15:25.874] [modloading-worker-0/INFO] [pastel/]: [pastel] Registering Data Loaders...
[12Jun2026 21:15:25.877] [modloading-worker-0/INFO] [pastel/]: [pastel] Adding to Fabric's Registries...
[12Jun2026 21:15:25.877] [modloading-worker-0/INFO] [pastel/]: [pastel] Registering Game Events...
[12Jun2026 21:15:25.880] [modloading-worker-0/INFO] [pastel/]: [pastel] Registering Dispenser, Resonance & Present Unwrap Behaviors...
[12Jun2026 21:15:25.891] [modloading-worker-0/INFO] [pastel/]: [pastel] Registering Resource Conditions...
[12Jun2026 21:15:25.892] [modloading-worker-0/INFO] [pastel/]: [pastel] Registering Structure WeightedPool Element Types...
[12Jun2026 21:15:25.895] [modloading-worker-0/INFO] [pastel/]: [pastel] Registering Event Listeners...
[12Jun2026 21:15:25.900] [modloading-worker-0/INFO] [net.blay09.mods.balm.neoforge.config.NeoForgeBalmConfig/]: Registering config for luckysshowcase:common (COMMON) with 2 properties.
[12Jun2026 21:15:25.929] [modloading-worker-0/INFO] [pastel/]: [pastel] Registering Tree Decorator Types...
[12Jun2026 21:15:25.930] [modloading-worker-0/INFO] [pastel/]: [pastel] Registering Builtin Resource Packs...
[12Jun2026 21:15:25.930] [modloading-worker-0/INFO] [pastel/]: [pastel] Common startup completed!
[12Jun2026 21:15:25.943] [modloading-worker-0/INFO] [End Remastered/]: End Remastered config loaded with success
[12Jun2026 21:15:26.029] [modloading-worker-0/INFO] [End Remastered/]: End Remastered eyes loaded with success
[12Jun2026 21:15:26.330] [modloading-worker-0/INFO] [bountiful/]: Registering Network Messages..
[12Jun2026 21:15:26.463] [modloading-worker-0/INFO] [Collective/]: Loading Collective version 8.22.
[12Jun2026 21:15:26.981] [modloading-worker-0/OFF] [gobber2/]: gobber2 config settings json5 found
[12Jun2026 21:15:27.245] [modloading-worker-0/INFO] [com.alganaut.hominid.Hominid/]: Elk_Hastiness
[12Jun2026 21:15:27.280] [modloading-worker-0/INFO] [com.cupboard.Cupboard/]: Loaded config for: cupboard.json
[12Jun2026 21:15:27.439] [modloading-worker-0/INFO] [owo/]: Don't trust naschhorn, the Master of Taglocks, around you or your bed
[12Jun2026 21:15:27.482] [modloading-worker-0/INFO] [Shared Advancements/]: Server getter method: net.minecraft.world.entity.Entity#getServer
[12Jun2026 21:15:27.486] [modloading-worker-0/INFO] [Shared Advancements/]: Initializing Shared Advancements for NeoForge
[12Jun2026 21:15:27.490] [modloading-worker-0/INFO] [bundleapi/]: Customized Bundles!
[12Jun2026 21:15:27.491] [modloading-worker-0/INFO] [chloride/Main]: Chloride is not intended to be on servers, loaded in inner mode
[12Jun2026 21:15:27.595] [modloading-worker-0/INFO] [net.blay09.mods.balm.neoforge.config.NeoForgeBalmConfig/]: Registering config for waystones:common (COMMON) with 34 properties.
[12Jun2026 21:15:27.805] [modloading-worker-0/INFO] [beginnersdelight/]: Beginner's Delight initializing
[12Jun2026 21:15:27.810] [modloading-worker-0/INFO] [beginnersdelight/]: Beginner's Delight (NeoForge) initialized
[12Jun2026 21:15:27.825] [modloading-worker-0/INFO] [Moonlight/]: Sending changed configs to client
[12Jun2026 21:15:27.859] [modloading-worker-0/INFO] [regions_unexplored/]: Registered annotated config: regions_unexplored/client
[12Jun2026 21:15:27.860] [modloading-worker-0/INFO] [regions_unexplored/]: Loading config file: regions_unexplored/client
[12Jun2026 21:15:27.877] [modloading-worker-0/INFO] [regions_unexplored/]: Registered annotated config: regions_unexplored/common
[12Jun2026 21:15:27.877] [modloading-worker-0/INFO] [regions_unexplored/]: Loading config file: regions_unexplored/common
[12Jun2026 21:15:27.953] [modloading-worker-0/INFO] [YetAnotherConfigLib/]: Deserializing EnderscapeConfig from '/workspaces/RPG-Svs/servidor_minecraft/config/enderscape.json5'
[12Jun2026 21:15:27.989] [modloading-worker-0/INFO] [Puzzles Lib/]: Constructing common components for eternalnether:main
[12Jun2026 21:15:28.110] [modloading-worker-0/INFO] [YetAnotherConfigLib/]: Deserializing YACLConfig from '/workspaces/RPG-Svs/servidor_minecraft/config/yacl.json5'
[12Jun2026 21:15:28.162] [modloading-worker-0/INFO] [net.bunten.enderscape.Enderscape/]: Enderscape initialized!
[12Jun2026 21:15:28.190] [modloading-worker-0/INFO] [be.florens.expandability.ExpandAbility/]: ExpandAbility here, who dis?
[12Jun2026 21:15:28.742] [modloading-sync-worker/INFO] [STDERR/]: [net.spell_engine.api.config.ConfigUtil:modifiersFrom:43]: Failed to resolve EntityAttribute with id: 
[12Jun2026 21:15:28.742] [modloading-sync-worker/INFO] [STDERR/]: [net.spell_engine.api.config.ConfigUtil:modifiersFrom:43]: Failed to resolve EntityAttribute with id: 
[12Jun2026 21:15:28.743] [modloading-sync-worker/INFO] [STDERR/]: [net.spell_engine.api.config.ConfigUtil:modifiersFrom:43]: Failed to resolve EntityAttribute with id: combat_roll:recharge
[12Jun2026 21:15:28.743] [modloading-sync-worker/INFO] [STDERR/]: [net.spell_engine.api.config.ConfigUtil:modifiersFrom:43]: Failed to resolve EntityAttribute with id: critical_strike:chance
[12Jun2026 21:15:31.766] [modloading-sync-worker/INFO] [Moonlight/]: Initialized block sets in 27ms
[12Jun2026 21:15:33.705] [modloading-sync-worker/INFO] [Silent's Power Scale/]: Config loading :)
[12Jun2026 21:15:33.709] [modloading-sync-worker/INFO] [Moonlight/]: Sending changed configs to client
[12Jun2026 21:15:33.722] [modloading-sync-worker/WARN] [io.github.catomon.easymobspawncontrol.CommonConfig/]: Spawn cap for category misc is -1 (out of 1–350); skipped.
[12Jun2026 21:15:33.786] [modloading-sync-worker/INFO] [Moonlight/]: Sending changed configs to client
[12Jun2026 21:15:33.805] [NeoForge Version Check/INFO] [net.neoforged.fml.VersionChecker/]: [krypton_fnp] Starting version check at https://mvnc.pkg.one/update/mod/krypton_fnp/forge_update.json
[12Jun2026 21:15:33.836] [modloading-worker-0/INFO] [com.chunksending.ChunkSending/]: chunksending mod initialized
[12Jun2026 21:15:33.839] [modloading-worker-0/INFO] [net.tysontheember.emberstextapi.EmbersTextAPI/]: EmbersTextAPI common setup complete
[12Jun2026 21:15:33.839] [modloading-worker-0/INFO] [com.structureessentials.StructureEssentials/]: structureessentials mod initialized
[12Jun2026 21:15:33.840] [modloading-worker-0/INFO] [com.dragonfight.DragonfightMod/]: dragonfight mod initialized
[12Jun2026 21:15:33.841] [modloading-worker-0/INFO] [net.revilodev.boundless.BoundlessMod/]: Boundless common setup complete
[12Jun2026 21:15:33.845] [modloading-worker-0/INFO] [com.limitedchunks.LimitedChunks/]: Limited chunkloading initialized
[12Jun2026 21:15:33.886] [modloading-sync-worker/INFO] [Copper-Age-Backport/]: Fired 1 registration callbacks
[12Jun2026 21:15:33.893] [modloading-sync-worker/INFO] [terrablender/]: Registered region minecraft:overworld to index 0 for type OVERWORLD
[12Jun2026 21:15:33.894] [modloading-sync-worker/INFO] [terrablender/]: Registered region minecraft:nether to index 0 for type NETHER
[12Jun2026 21:15:33.894] [modloading-sync-worker/INFO] [terrablender/]: Registered region darkerdepths:overworld to index 1 for type OVERWORLD
[12Jun2026 21:15:33.900] [modloading-sync-worker/INFO] [TerraBlenderFix/]: Changed SurfaceRuleManager map type
[12Jun2026 21:15:33.913] [NeoForge Version Check/INFO] [net.neoforged.fml.VersionChecker/]: [krypton_fnp] Found status: OUTDATED Current: 0.2.28.1-1.21.1 Target: 26.2.1-1.21.1
[12Jun2026 21:15:33.913] [NeoForge Version Check/INFO] [net.neoforged.fml.VersionChecker/]: [maxhealthfix] Starting version check at https://updates.blamejared.com/get?n=maxhealthfix&gv=1.21.1&ml=neoforge
[12Jun2026 21:15:34.014] [modloading-sync-worker/INFO] [Moonlight/]: Initialized color sets in 81ms
[12Jun2026 21:15:34.016] [modloading-sync-worker/ERROR] [Moonlight/]: Fabric API detected! This is not a Fabric mod, so please don't report related issues to MoonlightLib or its dependent(s). This can usually happen when using Connector, or when using a mod that does NOT have a native Neoforge implementation. This can easily lead to poor compatibility and other bizarre issues. Proceed at your own risk. 
 Mods that bundle Fabric API: [forgified-fabric-api-0.116.7+2.2.4+1.21.1.jar]
[12Jun2026 21:15:34.227] [modloading-worker-0/INFO] [io.redspace.ironsspellbooks.IronsSpellbooks/]: Got IMC []
[12Jun2026 21:15:34.237] [modloading-worker-0/INFO] [AttributeFix/]: Changing maximum value for minecraft:generic.armor from 100000.0 to 1000000.0.
[12Jun2026 21:15:34.239] [modloading-worker-0/INFO] [AttributeFix/]: Changing maximum value for minecraft:generic.armor_toughness from 20.0 to 1000000.0.
[12Jun2026 21:15:34.241] [modloading-worker-0/INFO] [AttributeFix/]: Changing maximum value for minecraft:generic.attack_damage from 2048.0 to 1000000.0.
[12Jun2026 21:15:34.242] [modloading-worker-0/INFO] [AttributeFix/]: Changing maximum value for minecraft:generic.attack_knockback from 5.0 to 1000000.0.
[12Jun2026 21:15:34.263] [modloading-worker-0/INFO] [AttributeFix/]: Changing maximum value for minecraft:generic.max_health from 100000.0 to 1000000.0.
[12Jun2026 21:15:34.285] [modloading-worker-0/INFO] [snownee.jade.Jade/]: Start loading plugin from net.blay09.mods.balm.neoforge.compat.hudinfo.NeoForgeJadeModCompat
[12Jun2026 21:15:34.294] [NeoForge Version Check/INFO] [net.neoforged.fml.VersionChecker/]: [maxhealthfix] Found status: BETA Current: 21.1.4 Target: 21.1.4
[12Jun2026 21:15:34.294] [NeoForge Version Check/INFO] [net.neoforged.fml.VersionChecker/]: [guardvillagers] Starting version check at https://api.modrinth.com/updates/H1sntfo8/forge_updates.json
[12Jun2026 21:15:34.302] [modloading-worker-0/INFO] [snownee.jade.Jade/]: Start loading plugin from de.maxhenkel.corpse.integration.waila.PluginCorpse
[12Jun2026 21:15:34.304] [modloading-worker-0/INFO] [snownee.jade.Jade/]: Start loading plugin from net.silentchaos512.powerscale.compat.jade.PsJadePlugin
[12Jun2026 21:15:34.305] [modloading-worker-0/INFO] [snownee.jade.Jade/]: Start loading plugin from com.cmdpro.databank.integration.jade.DatabankJadePlugin
[12Jun2026 21:15:34.306] [modloading-worker-0/INFO] [snownee.jade.Jade/]: Start loading plugin from com.nine.travelerscompass.compat.jade.NeoForgeJadeSetup
[12Jun2026 21:15:34.306] [modloading-worker-0/INFO] [snownee.jade.Jade/]: Start loading plugin from org.confluence.terraentity.integration.jade.TEJadePlugin
[12Jun2026 21:15:34.307] [modloading-worker-0/INFO] [snownee.jade.Jade/]: Start loading plugin from noobanidus.mods.lootr.common.integration.jade.LootrWailaPlugin
[12Jun2026 21:15:34.307] [modloading-worker-0/INFO] [snownee.jade.Jade/]: Start loading plugin from ht.treechop.compat.Jade
[12Jun2026 21:15:34.308] [modloading-worker-0/INFO] [snownee.jade.Jade/]: Start loading plugin from quek.undergarden.compat.jade.UndergardenJadeCompat
[12Jun2026 21:15:34.309] [modloading-worker-0/INFO] [snownee.jade.Jade/]: Start loading plugin from net.p3pp3rf1y.sophisticatedstorage.compat.jade.StorageJadePlugin
[12Jun2026 21:15:34.310] [modloading-worker-0/INFO] [snownee.jade.Jade/]: Start loading plugin from net.blay09.mods.waystones.compat.JadeIntegration
[12Jun2026 21:15:34.310] [modloading-worker-0/INFO] [snownee.jade.Jade/]: Start loading plugin from snownee.jade.addon.vanilla.VanillaPlugin
[12Jun2026 21:15:34.330] [modloading-worker-0/INFO] [snownee.jade.Jade/]: Start loading plugin from snownee.jade.addon.universal.UniversalPlugin
[12Jun2026 21:15:34.336] [modloading-worker-0/INFO] [snownee.jade.Jade/]: Start loading plugin from snownee.jade.addon.debug.DebugPlugin
[12Jun2026 21:15:34.337] [modloading-worker-0/INFO] [snownee.jade.Jade/]: Start loading plugin from snownee.jade.addon.core.CorePlugin
[12Jun2026 21:15:34.338] [modloading-worker-0/INFO] [snownee.jade.Jade/]: Start loading plugin from snownee.jade.addon.access.AccessibilityPlugin
[12Jun2026 21:15:34.338] [modloading-worker-0/INFO] [snownee.jade.Jade/]: Start loading plugin from com.github.ysbbbbbb.kaleidoscopecookery.compat.jade.ModPlugin
[12Jun2026 21:15:34.437] [NeoForge Version Check/INFO] [net.neoforged.fml.VersionChecker/]: [guardvillagers] Found status: BETA Current: 2.4.7 Target: null
[12Jun2026 21:15:34.438] [NeoForge Version Check/INFO] [net.neoforged.fml.VersionChecker/]: [prickle] Starting version check at https://updates.blamejared.com/get?n=prickle&gv=1.21.1&ml=neoforge
[12Jun2026 21:15:34.454] [modloading-sync-worker/INFO] [Kambrik/]: Registering network payloads..
[12Jun2026 21:15:34.454] [modloading-sync-worker/INFO] [Kambrik/]: Registering ServerMsg: bountiful:select_bounty
[12Jun2026 21:15:34.454] [modloading-sync-worker/INFO] [Kambrik/]: Registering ServerMsg: bountiful:server_player_status
[12Jun2026 21:15:34.454] [modloading-sync-worker/INFO] [Kambrik/]: Registering ClientMsg: kambrik:test_msg
[12Jun2026 21:15:34.454] [modloading-sync-worker/INFO] [Kambrik/]: Registering ClientMsg: bountiful:clipboard_copy
[12Jun2026 21:15:34.454] [modloading-sync-worker/INFO] [Kambrik/]: Registering ClientMsg: bountiful:bounty_complete
[12Jun2026 21:15:34.455] [modloading-sync-worker/INFO] [Kambrik/]: Registering ClientMsg: bountiful:update_bounty_criteria
[12Jun2026 21:15:34.455] [modloading-sync-worker/INFO] [Kambrik/]: Registering ClientMsg: bountiful:client_player_status
[12Jun2026 21:15:34.538] [NeoForge Version Check/INFO] [net.neoforged.fml.VersionChecker/]: [prickle] Found status: BETA Current: 21.1.11 Target: 21.1.11
[12Jun2026 21:15:34.538] [NeoForge Version Check/INFO] [net.neoforged.fml.VersionChecker/]: [corpse] Starting version check at https://update.maxhenkel.de/neoforge/corpse
[12Jun2026 21:15:34.791] [modloading-sync-worker/INFO] [net.tysontheember.emberstextapi.EmbersTextAPI/]: Network payloads registered
[12Jun2026 21:15:34.986] [main/INFO] [com.mojang.authlib.yggdrasil.YggdrasilAuthenticationService/]: Environment: Environment[sessionHost=https://sessionserver.mojang.com, servicesHost=https://api.minecraftservices.com, name=PROD]
[12Jun2026 21:15:35.130] [NeoForge Version Check/INFO] [net.neoforged.fml.VersionChecker/]: [corpse] Found status: BETA Current: 1.21.1-1.1.13 Target: 1.21.1-1.1.13
[12Jun2026 21:15:35.133] [main/WARN] [net.minecraft.server.packs.VanillaPackResourcesBuilder/]: Assets URL 'union:/workspaces/RPG-Svs/servidor_minecraft/libraries/net/minecraft/server/1.21.1-20240808.144430/server-1.21.1-20240808.144430-srg.jar%23300!/assets/.mcassetsroot' uses unexpected schema
[12Jun2026 21:15:35.133] [main/WARN] [net.minecraft.server.packs.VanillaPackResourcesBuilder/]: Assets URL 'union:/workspaces/RPG-Svs/servidor_minecraft/libraries/net/minecraft/server/1.21.1-20240808.144430/server-1.21.1-20240808.144430-srg.jar%23300!/data/.mcassetsroot' uses unexpected schema
[12Jun2026 21:15:35.136] [NeoForge Version Check/INFO] [net.neoforged.fml.VersionChecker/]: [cataclysm_compat] Starting version check at https://modrinth.com/user/rymusov/updates.json?neoforge=only
[12Jun2026 21:15:35.438] [main/INFO] [com.simibubi.create.Create/]: Created 967 recipes which will be injected into the game
[12Jun2026 21:15:35.447] [main/INFO] [com.simibubi.create.Create/]: Created 19 tags which will be injected into the game
[12Jun2026 21:15:35.622] [NeoForge Version Check/WARN] [net.neoforged.fml.VersionChecker/]: Failed to process update information
com.google.gson.JsonSyntaxException: java.lang.IllegalStateException: Expected BEGIN_OBJECT but was STRING at line 1 column 1 path $
	at MC-BOOTSTRAP/com.google.gson@2.10.1/com.google.gson.Gson.fromJson(Gson.java:1238) ~[gson-2.10.1.jar%2394!/:?]
	at MC-BOOTSTRAP/com.google.gson@2.10.1/com.google.gson.Gson.fromJson(Gson.java:1137) ~[gson-2.10.1.jar%2394!/:?]
	at MC-BOOTSTRAP/com.google.gson@2.10.1/com.google.gson.Gson.fromJson(Gson.java:1047) ~[gson-2.10.1.jar%2394!/:?]
	at MC-BOOTSTRAP/com.google.gson@2.10.1/com.google.gson.Gson.fromJson(Gson.java:982) ~[gson-2.10.1.jar%2394!/:?]
	at MC-BOOTSTRAP/fml_loader@4.0.42/net.neoforged.fml.VersionChecker$1.process(VersionChecker.java:167) ~[loader-4.0.42.jar%2359!/:4.0]
	at java.base/java.lang.Iterable.forEach(Iterable.java:75) [?:?]
	at MC-BOOTSTRAP/fml_loader@4.0.42/net.neoforged.fml.VersionChecker$1.run(VersionChecker.java:105) [loader-4.0.42.jar%2359!/:4.0]
Caused by: java.lang.IllegalStateException: Expected BEGIN_OBJECT but was STRING at line 1 column 1 path $
	at MC-BOOTSTRAP/com.google.gson@2.10.1/com.google.gson.stream.JsonReader.beginObject(JsonReader.java:393) ~[gson-2.10.1.jar%2394!/:?]
	at MC-BOOTSTRAP/com.google.gson@2.10.1/com.google.gson.internal.bind.MapTypeAdapterFactory$Adapter.read(MapTypeAdapterFactory.java:182) ~[gson-2.10.1.jar%2394!/:?]
	at MC-BOOTSTRAP/com.google.gson@2.10.1/com.google.gson.internal.bind.MapTypeAdapterFactory$Adapter.read(MapTypeAdapterFactory.java:144) ~[gson-2.10.1.jar%2394!/:?]
	at MC-BOOTSTRAP/com.google.gson@2.10.1/com.google.gson.Gson.fromJson(Gson.java:1227) ~[gson-2.10.1.jar%2394!/:?]
	... 6 more
[12Jun2026 21:15:35.624] [NeoForge Version Check/INFO] [net.neoforged.fml.VersionChecker/]: [mr_lukis_crazychambers] Starting version check at https://api.modrinth.com/updates/JeZoobNU/forge_updates.json?neoforge=only
[12Jun2026 21:15:35.652] [NeoForge Version Check/INFO] [net.neoforged.fml.VersionChecker/]: [mr_lukis_crazychambers] Found status: OUTDATED Current: 1.0.3 Target: 1.0.3+mod
[12Jun2026 21:15:35.653] [NeoForge Version Check/INFO] [net.neoforged.fml.VersionChecker/]: [metalbundles] Starting version check at https://raw.githubusercontent.com/Fuzss/modresources/main/update/metalbundles.json
[12Jun2026 21:15:35.697] [NeoForge Version Check/INFO] [net.neoforged.fml.VersionChecker/]: [metalbundles] Found status: UP_TO_DATE Current: 21.1.1 Target: null
[12Jun2026 21:15:35.698] [NeoForge Version Check/INFO] [net.neoforged.fml.VersionChecker/]: [echochest] Starting version check at https://raw.githubusercontent.com/Fuzss/modresources/main/update/echochest.json
[12Jun2026 21:15:35.709] [main/INFO] [STDOUT/]: [com.github.edg_thexu.cafelib.data.pack.resources.LivingSpawnForbidden:preload:122]: 预加载数据包完成
[12Jun2026 21:15:35.712] [NeoForge Version Check/INFO] [net.neoforged.fml.VersionChecker/]: [echochest] Found status: UP_TO_DATE Current: 21.1.1 Target: null
[12Jun2026 21:15:35.713] [NeoForge Version Check/INFO] [net.neoforged.fml.VersionChecker/]: [searchables] Starting version check at https://updates.blamejared.com/get?n=searchables&gv=1.21.1&ml=neoforge
[12Jun2026 21:15:35.812] [NeoForge Version Check/INFO] [net.neoforged.fml.VersionChecker/]: [searchables] Found status: BETA Current: 1.0.2 Target: 1.0.2
[12Jun2026 21:15:35.812] [NeoForge Version Check/INFO] [net.neoforged.fml.VersionChecker/]: [mr_dungeons_andtaverns] Starting version check at https://api.modrinth.com/updates/tpehi7ww/forge_updates.json?neoforge=only
[12Jun2026 21:15:35.840] [NeoForge Version Check/INFO] [net.neoforged.fml.VersionChecker/]: [mr_dungeons_andtaverns] Found status: AHEAD Current: 1-v4.4.4 Target: null
[12Jun2026 21:15:35.841] [NeoForge Version Check/INFO] [net.neoforged.fml.VersionChecker/]: [travelerscompass] Starting version check at https://raw.githubusercontent.com/0Templ/ModVersions/main/neoforge/travelers-compass/v1/1.21.1.json
[12Jun2026 21:15:35.852] [NeoForge Version Check/INFO] [net.neoforged.fml.VersionChecker/]: [travelerscompass] Found status: UP_TO_DATE Current: 4.0.05 Target: null
[12Jun2026 21:15:35.852] [NeoForge Version Check/INFO] [net.neoforged.fml.VersionChecker/]: [xmxw] Starting version check at https://api.modrinth.com/updates/iv2jCzkP/forge_updates.json?neoforge=only
[12Jun2026 21:15:35.939] [NeoForge Version Check/INFO] [net.neoforged.fml.VersionChecker/]: [xmxw] Found status: UP_TO_DATE Current: 2.10.1+1.21.1-neoforge Target: null
[12Jun2026 21:15:35.939] [NeoForge Version Check/INFO] [net.neoforged.fml.VersionChecker/]: [attributefix] Starting version check at https://updates.blamejared.com/get?n=attributefix&gv=1.21.1&ml=neoforge
[12Jun2026 21:15:36.038] [NeoForge Version Check/INFO] [net.neoforged.fml.VersionChecker/]: [attributefix] Found status: BETA Current: 21.1.3 Target: 21.1.3
[12Jun2026 21:15:36.039] [NeoForge Version Check/INFO] [net.neoforged.fml.VersionChecker/]: [iteminteractions] Starting version check at https://raw.githubusercontent.com/Fuzss/modresources/main/update/iteminteractions.json
[12Jun2026 21:15:36.060] [NeoForge Version Check/WARN] [net.neoforged.fml.VersionChecker/]: Failed to process update information
com.google.gson.JsonSyntaxException: java.lang.IllegalStateException: Expected BEGIN_OBJECT but was NUMBER at line 1 column 4 path $
	at MC-BOOTSTRAP/com.google.gson@2.10.1/com.google.gson.Gson.fromJson(Gson.java:1238) ~[gson-2.10.1.jar%2394!/:?]
	at MC-BOOTSTRAP/com.google.gson@2.10.1/com.google.gson.Gson.fromJson(Gson.java:1137) ~[gson-2.10.1.jar%2394!/:?]
	at MC-BOOTSTRAP/com.google.gson@2.10.1/com.google.gson.Gson.fromJson(Gson.java:1047) ~[gson-2.10.1.jar%2394!/:?]
	at MC-BOOTSTRAP/com.google.gson@2.10.1/com.google.gson.Gson.fromJson(Gson.java:982) ~[gson-2.10.1.jar%2394!/:?]
	at MC-BOOTSTRAP/fml_loader@4.0.42/net.neoforged.fml.VersionChecker$1.process(VersionChecker.java:167) ~[loader-4.0.42.jar%2359!/:4.0]
	at java.base/java.lang.Iterable.forEach(Iterable.java:75) [?:?]
	at MC-BOOTSTRAP/fml_loader@4.0.42/net.neoforged.fml.VersionChecker$1.run(VersionChecker.java:105) [loader-4.0.42.jar%2359!/:4.0]
Caused by: java.lang.IllegalStateException: Expected BEGIN_OBJECT but was NUMBER at line 1 column 4 path $
	at MC-BOOTSTRAP/com.google.gson@2.10.1/com.google.gson.stream.JsonReader.beginObject(JsonReader.java:393) ~[gson-2.10.1.jar%2394!/:?]
	at MC-BOOTSTRAP/com.google.gson@2.10.1/com.google.gson.internal.bind.MapTypeAdapterFactory$Adapter.read(MapTypeAdapterFactory.java:182) ~[gson-2.10.1.jar%2394!/:?]
	at MC-BOOTSTRAP/com.google.gson@2.10.1/com.google.gson.internal.bind.MapTypeAdapterFactory$Adapter.read(MapTypeAdapterFactory.java:144) ~[gson-2.10.1.jar%2394!/:?]
	at MC-BOOTSTRAP/com.google.gson@2.10.1/com.google.gson.Gson.fromJson(Gson.java:1227) ~[gson-2.10.1.jar%2394!/:?]
	... 6 more
[12Jun2026 21:15:36.062] [NeoForge Version Check/INFO] [net.neoforged.fml.VersionChecker/]: [mr_grim_kingdomsloststructuresruinsvanillaedition] Starting version check at https://api.modrinth.com/updates/yclIRcrN/forge_updates.json?neoforge=only
[12Jun2026 21:15:36.095] [NeoForge Version Check/INFO] [net.neoforged.fml.VersionChecker/]: [mr_grim_kingdomsloststructuresruinsvanillaedition] Found status: AHEAD Current: 1-v1.0.0 Target: null
[12Jun2026 21:15:36.095] [NeoForge Version Check/INFO] [net.neoforged.fml.VersionChecker/]: [puzzleslib] Starting version check at https://raw.githubusercontent.com/Fuzss/modresources/main/update/puzzleslib.json
[12Jun2026 21:15:36.113] [NeoForge Version Check/INFO] [net.neoforged.fml.VersionChecker/]: [puzzleslib] Found status: OUTDATED Current: 21.1.39 Target: 21.1.51
[12Jun2026 21:15:36.113] [NeoForge Version Check/INFO] [net.neoforged.fml.VersionChecker/]: [mr_dungeons_andtavernsnetherfortressoverhaul] Starting version check at https://api.modrinth.com/updates/8Dbnvm77/forge_updates.json?neoforge=only
[12Jun2026 21:15:36.153] [NeoForge Version Check/INFO] [net.neoforged.fml.VersionChecker/]: [mr_dungeons_andtavernsnetherfortressoverhaul] Found status: AHEAD Current: 1-v2.4 Target: null
[12Jun2026 21:15:36.154] [NeoForge Version Check/INFO] [net.neoforged.fml.VersionChecker/]: [fastitemframes] Starting version check at https://raw.githubusercontent.com/Fuzss/modresources/main/update/fastitemframes.json
[12Jun2026 21:15:36.168] [NeoForge Version Check/INFO] [net.neoforged.fml.VersionChecker/]: [fastitemframes] Found status: UP_TO_DATE Current: 21.1.6 Target: null
[12Jun2026 21:15:36.168] [NeoForge Version Check/INFO] [net.neoforged.fml.VersionChecker/]: [bookshelf] Starting version check at https://updates.blamejared.com/get?n=bookshelf&gv=1.21.1&ml=neoforge
[12Jun2026 21:15:36.270] [NeoForge Version Check/INFO] [net.neoforged.fml.VersionChecker/]: [bookshelf] Found status: BETA Current: 21.1.81 Target: 21.1.81
[12Jun2026 21:15:36.270] [NeoForge Version Check/INFO] [net.neoforged.fml.VersionChecker/]: [mr_lukis_strongholds] Starting version check at https://api.modrinth.com/updates/reQ63xx3/forge_updates.json?neoforge=only
[12Jun2026 21:15:36.344] [NeoForge Version Check/INFO] [net.neoforged.fml.VersionChecker/]: [mr_lukis_strongholds] Found status: AHEAD Current: 1-v1.0 Target: null
[12Jun2026 21:15:36.344] [NeoForge Version Check/INFO] [net.neoforged.fml.VersionChecker/]: [sharedadvancements] Starting version check at https://neoforge.curseupdate.com/831959/sharedadvancements
[12Jun2026 21:15:36.449] [NeoForge Version Check/INFO] [net.neoforged.fml.VersionChecker/]: [sharedadvancements] Found status: UP_TO_DATE Current: 6.1.0 Target: null
[12Jun2026 21:15:36.450] [NeoForge Version Check/INFO] [net.neoforged.fml.VersionChecker/]: [create] Starting version check at https://api.modrinth.com/updates/create/forge_updates.json?neoforge=only
[12Jun2026 21:15:36.482] [NeoForge Version Check/INFO] [net.neoforged.fml.VersionChecker/]: [create] Found status: OUTDATED Current: 6.0.10 Target: 6.0.10+mc1.21.1
[12Jun2026 21:15:36.483] [NeoForge Version Check/INFO] [net.neoforged.fml.VersionChecker/]: [clumps] Starting version check at https://updates.blamejared.com/get?n=clumps&gv=1.21.1&ml=neoforge
[12Jun2026 21:15:36.585] [NeoForge Version Check/INFO] [net.neoforged.fml.VersionChecker/]: [clumps] Found status: BETA Current: 19.0.0.1 Target: 19.0.0.1
[12Jun2026 21:15:36.585] [NeoForge Version Check/INFO] [net.neoforged.fml.VersionChecker/]: [mr_lukis_grandcapitals] Starting version check at https://api.modrinth.com/updates/8Lw09aLb/forge_updates.json?neoforge=only
[12Jun2026 21:15:36.655] [NeoForge Version Check/INFO] [net.neoforged.fml.VersionChecker/]: [mr_lukis_grandcapitals] Found status: OUTDATED Current: 1.1.3 Target: 1.1.3+mod
[12Jun2026 21:15:36.655] [NeoForge Version Check/INFO] [net.neoforged.fml.VersionChecker/]: [eternalnether] Starting version check at https://raw.githubusercontent.com/Fuzss/modresources/main/update/eternalnether.json
[12Jun2026 21:15:36.666] [NeoForge Version Check/INFO] [net.neoforged.fml.VersionChecker/]: [eternalnether] Found status: UP_TO_DATE Current: 21.1.3 Target: null
[12Jun2026 21:15:37.605] [main/INFO] [net.sweety.unusualend.UnusualEnd/]: Is it registered ? false, true
[12Jun2026 21:15:37.619] [main/INFO] [net.sweety.unusualend.UnusualEnd/]: Is it registered ? false, true
[12Jun2026 21:15:38.299] [main/INFO] [STDOUT/]: [com.github.edg_thexu.cafelib.data.pack.resources.LivingSpawnForbidden:preload:122]: 预加载数据包完成
[12Jun2026 21:15:38.301] [main/INFO] [net.sweety.unusualend.UnusualEnd/]: Is it registered ? false, true
[12Jun2026 21:15:38.312] [main/INFO] [net.sweety.unusualend.UnusualEnd/]: Is it registered ? true, true
[12Jun2026 21:15:38.313] [main/INFO] [net.sweety.unusualend.UnusualEnd/]: Adding unusualend:gloopstone_lands to the End biome source at slice 1 out of 3
[12Jun2026 21:15:38.313] [main/INFO] [net.sweety.unusualend.UnusualEnd/]: Adding unusualend:gloopstone_midlands to the End biome source at slice 2 out of 3
[12Jun2026 21:15:38.313] [main/INFO] [net.sweety.unusualend.UnusualEnd/]: Adding unusualend:warped_reef to the End biome source at slice 3 out of 3
[12Jun2026 21:15:38.314] [main/INFO] [net.sweety.unusualend.UnusualEnd/]: Is it registered ? false, true
[12Jun2026 21:15:38.329] [main/INFO] [net.sweety.unusualend.UnusualEnd/]: Is it registered ? false, true
[12Jun2026 21:15:38.330] [main/INFO] [net.sweety.unusualend.UnusualEnd/]: Is it registered ? false, true
[12Jun2026 21:15:38.332] [main/INFO] [net.sweety.unusualend.UnusualEnd/]: Is it registered ? true, true
[12Jun2026 21:15:38.332] [main/INFO] [net.sweety.unusualend.UnusualEnd/]: Adding unusualend:gloopstone_lands to the End biome source at slice 1 out of 3
[12Jun2026 21:15:38.332] [main/INFO] [net.sweety.unusualend.UnusualEnd/]: Adding unusualend:gloopstone_midlands to the End biome source at slice 2 out of 3
[12Jun2026 21:15:38.332] [main/INFO] [net.sweety.unusualend.UnusualEnd/]: Adding unusualend:warped_reef to the End biome source at slice 3 out of 3
[12Jun2026 21:15:38.411] [main/INFO] [STDOUT/]: [com.github.edg_thexu.cafelib.data.pack.resources.PreReloader:reloadAsync:76]: 预加载数据包完成
[12Jun2026 21:15:38.907] [Worker-Main-3/ERROR] [net.minecraft.world.level.storage.loot.LootDataType/]: Couldn't parse element ResourceKey[minecraft:root / minecraft:loot_table]:terra_entity:modifier/entities/spawn_bone_glove - Unknown registry key in ResourceKey[minecraft:root / minecraft:item]: terra_curio:bone_glove
[12Jun2026 21:15:39.085] [Worker-Main-3/ERROR] [net.minecraft.world.level.storage.loot.LootDataType/]: Couldn't parse element ResourceKey[minecraft:root / minecraft:loot_table]:terra_entity:modifier/entities/spawn_hive_pack - Unknown registry key in ResourceKey[minecraft:root / minecraft:item]: terra_curio:hive_pack
[12Jun2026 21:15:39.124] [Worker-Main-3/ERROR] [net.minecraft.world.level.storage.loot.LootDataType/]: Couldn't parse element ResourceKey[minecraft:root / minecraft:loot_table]:terra_entity:modifier/entities/spawn_worm_scarf - Unknown registry key in ResourceKey[minecraft:root / minecraft:item]: terra_curio:worm_scarf
[12Jun2026 21:15:39.135] [Worker-Main-3/ERROR] [net.minecraft.world.level.storage.loot.LootDataType/]: Couldn't parse element ResourceKey[minecraft:root / minecraft:loot_table]:soul_incursion:church_map - Unknown registry key in ResourceKey[minecraft:root / minecraft:item]: the_soul_monastery:spectral_ingot; Unknown registry key in ResourceKey[minecraft:root / minecraft:item]: the_soul_monastery:lost_soul
[12Jun2026 21:15:39.149] [Worker-Main-3/ERROR] [net.minecraft.world.level.storage.loot.LootDataType/]: Couldn't parse element ResourceKey[minecraft:root / minecraft:loot_table]:soul_incursion:churchimapibackupi - Unknown registry key in ResourceKey[minecraft:root / minecraft:item]: the_soul_monastery:spectral_ingot; Unknown registry key in ResourceKey[minecraft:root / minecraft:item]: the_soul_monastery:lost_soul
[12Jun2026 21:15:39.180] [Worker-Main-3/ERROR] [net.minecraft.world.level.storage.loot.LootDataType/]: Couldn't parse element ResourceKey[minecraft:root / minecraft:loot_table]:terra_entity:modifier/entities/spawn_compass - Unknown registry key in ResourceKey[minecraft:root / minecraft:item]: terra_curio:compass
[12Jun2026 21:15:39.203] [Worker-Main-3/ERROR] [net.minecraft.world.level.storage.loot.LootDataType/]: Couldn't parse element ResourceKey[minecraft:root / minecraft:loot_table]:terra_entity:modifier/entities/spawn_fast_clock - Unknown registry key in ResourceKey[minecraft:root / minecraft:item]: terra_curio:fast_clock
[12Jun2026 21:15:39.211] [Worker-Main-3/ERROR] [net.minecraft.world.level.storage.loot.LootDataType/]: Couldn't parse element ResourceKey[minecraft:root / minecraft:loot_table]:terra_entity:modifier/entities/spawn_metal_detector - Unknown registry key in ResourceKey[minecraft:root / minecraft:item]: terra_curio:metal_detector
[12Jun2026 21:15:39.265] [Worker-Main-3/ERROR] [net.minecraft.world.level.storage.loot.LootDataType/]: Couldn't parse element ResourceKey[minecraft:root / minecraft:loot_table]:unusualend:blocks/gloopy_endstone - Unknown registry key in ResourceKey[minecraft:root / minecraft:item]: unusualend:gloopy_endstone
[12Jun2026 21:15:39.273] [Worker-Main-3/ERROR] [net.minecraft.world.level.storage.loot.LootDataType/]: Couldn't parse element ResourceKey[minecraft:root / minecraft:loot_table]:terra_entity:modifier/entities/spawn_bezoar - Unknown registry key in ResourceKey[minecraft:root / minecraft:item]: terra_curio:bezoar
[12Jun2026 21:15:39.320] [Worker-Main-3/ERROR] [net.minecraft.world.level.storage.loot.LootDataType/]: Couldn't parse element ResourceKey[minecraft:root / minecraft:loot_table]:terra_entity:modifier/entities/spawn_shield_of_cthulhu - Unknown registry key in ResourceKey[minecraft:root / minecraft:item]: terra_curio:shield_of_cthulhu
[12Jun2026 21:15:39.379] [Worker-Main-3/ERROR] [net.minecraft.world.level.storage.loot.LootDataType/]: Couldn't parse element ResourceKey[minecraft:root / minecraft:loot_table]:unusualend:blocks/warped_endstone_sprouts - Unknown registry key in ResourceKey[minecraft:root / minecraft:item]: unusualend:warped_endstone_sprouts
[12Jun2026 21:15:39.387] [Worker-Main-3/ERROR] [net.minecraft.world.level.storage.loot.LootDataType/]: Couldn't parse element ResourceKey[minecraft:root / minecraft:loot_table]:terra_entity:modifier/entities/spawn_giant_shelly - Unknown registry key in ResourceKey[minecraft:root / minecraft:item]: terra_curio:compass; Unknown registry key in ResourceKey[minecraft:root / minecraft:item]: terra_curio:depth_meter
[12Jun2026 21:15:39.389] [Worker-Main-3/ERROR] [net.minecraft.world.level.storage.loot.LootDataType/]: Couldn't parse element ResourceKey[minecraft:root / minecraft:loot_table]:terra_entity:modifier/entities/spawn_brain_of_confusion - Unknown registry key in ResourceKey[minecraft:root / minecraft:item]: terra_curio:brain_of_confusion
[12Jun2026 21:15:39.399] [Worker-Main-3/ERROR] [net.minecraft.world.level.storage.loot.LootDataType/]: Couldn't parse element ResourceKey[minecraft:root / minecraft:loot_table]:soul_incursion:ominous_vault - Failed to get element the_soul_monastery:soulbound; Unknown registry key in ResourceKey[minecraft:root / minecraft:item]: the_soul_monastery:spectral_ingot; Unknown registry key in ResourceKey[minecraft:root / minecraft:item]: the_soul_monastery:phantom_blade; Unknown registry key in ResourceKey[minecraft:root / minecraft:item]: the_soul_monastery:hauntaxe; Unknown registry key in ResourceKey[minecraft:root / minecraft:item]: the_soul_monastery:lost_soul
[12Jun2026 21:15:39.422] [Worker-Main-3/ERROR] [net.minecraft.world.level.storage.loot.LootDataType/]: Couldn't parse element ResourceKey[minecraft:root / minecraft:loot_table]:irons_spellbooks:test/ring_gen_break_me - Unknown registry key in ResourceKey[minecraft:root / irons_spellbooks:spells]: minecraft:none
[12Jun2026 21:15:39.444] [Worker-Main-3/ERROR] [net.minecraft.world.level.storage.loot.LootDataType/]: Couldn't parse element ResourceKey[minecraft:root / minecraft:loot_table]:terra_entity:modifier/entities/spawn_tally_counter - Unknown registry key in ResourceKey[minecraft:root / minecraft:item]: terra_curio:tally_counter
[12Jun2026 21:15:39.450] [Worker-Main-3/ERROR] [net.minecraft.world.level.storage.loot.LootDataType/]: Couldn't parse element ResourceKey[minecraft:root / minecraft:loot_table]:terra_entity:modifier/entities/spawn_magma_stone - Unknown registry key in ResourceKey[minecraft:root / minecraft:item]: terra_curio:magma_stone
[12Jun2026 21:15:39.490] [Worker-Main-3/ERROR] [net.minecraft.world.level.storage.loot.LootDataType/]: Couldn't parse element ResourceKey[minecraft:root / minecraft:loot_table]:soul_incursion:ominuis_vault_backup - Unknown registry key in ResourceKey[minecraft:root / minecraft:item]: the_soul_monastery:spectral_ingot; Unknown registry key in ResourceKey[minecraft:root / minecraft:item]: the_soul_monastery:phantom_blade; Unknown registry key in ResourceKey[minecraft:root / minecraft:item]: the_soul_monastery:hauntaxe; Unknown registry key in ResourceKey[minecraft:root / minecraft:item]: the_soul_monastery:lost_soul
[12Jun2026 21:15:39.495] [Worker-Main-3/ERROR] [net.minecraft.world.level.storage.loot.LootDataType/]: Couldn't parse element ResourceKey[minecraft:root / minecraft:loot_table]:unusualend:blocks/celestial_fluid - Unknown registry key in ResourceKey[minecraft:root / minecraft:item]: unusualend:celestial_fluid
[12Jun2026 21:15:39.506] [Worker-Main-3/ERROR] [net.minecraft.world.level.storage.loot.LootDataType/]: Couldn't parse element ResourceKey[minecraft:root / minecraft:loot_table]:terra_entity:modifier/entities/spawn_obsidian_rose - Unknown registry key in ResourceKey[minecraft:root / minecraft:item]: terra_curio:obsidian_rose
[12Jun2026 21:15:39.509] [Worker-Main-3/ERROR] [net.minecraft.world.level.storage.loot.LootDataType/]: Couldn't parse element ResourceKey[minecraft:root / minecraft:loot_table]:terra_entity:modifier/entities/spawn_royal_gel - Unknown registry key in ResourceKey[minecraft:root / minecraft:item]: terra_curio:royal_gel
[12Jun2026 21:15:39.535] [Worker-Main-3/ERROR] [net.minecraft.world.level.storage.loot.LootDataType/]: Couldn't parse element ResourceKey[minecraft:root / minecraft:loot_table]:the_soul_monastery:entities/soul_soldier - Unknown registry key in ResourceKey[minecraft:root / minecraft:item]: the_soul_monastery:lost_soul
[12Jun2026 21:15:39.535] [Worker-Main-3/ERROR] [net.minecraft.world.level.storage.loot.LootDataType/]: Couldn't parse element ResourceKey[minecraft:root / minecraft:loot_table]:terra_entity:modifier/entities/spawn_depth_meter - Unknown registry key in ResourceKey[minecraft:root / minecraft:item]: terra_curio:depth_meter
[12Jun2026 21:15:40.197] [Worker-Main-3/INFO] [bountiful/]: Adding serverside commands..
[12Jun2026 21:15:40.538] [Worker-Main-2/INFO] [io.wispforest.lmft.LMFTCommon/]: [Load My F***ing Tags]: Loaded Config File!
[12Jun2026 21:15:40.713] [main/INFO] [bountiful/]: Merging _metal_objs with _metal_objs
[12Jun2026 21:15:40.735] [main/INFO] [bountiful/]: Merging armorer_rews with armorer_rews
[12Jun2026 21:15:40.771] [main/INFO] [bountiful/]: Merging cleric_rews with cleric_rews
[12Jun2026 21:15:40.925] [main/INFO] [bountiful/]: Merging librarian_rews with librarian_rews
[12Jun2026 21:15:40.941] [main/INFO] [bountiful/]: Merging shepherd_rews with shepherd_rews
[12Jun2026 21:15:40.965] [main/INFO] [bountiful/]: Trying to load unloaded files from: config/bountiful/bounty_pools
[12Jun2026 21:15:40.987] [main/INFO] [bountiful/]: Trying to load unloaded files from: config/bountiful/bounty_decrees
[12Jun2026 21:15:41.000] [main/WARN] [bountiful/]: Decree 'armorer' top value rewards cannot be matched with equivalent objectives. This will result in uneven bounties. Consider adding more high value objectives or lowering the value of your rewards.
* Top Rewards: armorer_rews.nether_chest (48000.0), armorer_rews.nether_legs (42000.0) total up to: 90000.0
* Top Objs: _all_objs.c (32000.0) total up to: 32000.0
[12Jun2026 21:15:41.001] [main/WARN] [bountiful/]: Decree 'butcher' top value rewards cannot be matched with equivalent objectives. This will result in uneven bounties. Consider adding more high value objectives or lowering the value of your rewards.
* Top Rewards: _all_rews.c (32000.0), _all_rews.b (19200.0) total up to: 51200.0
* Top Objs: _all_objs.c (32000.0) total up to: 32000.0
[12Jun2026 21:15:41.002] [main/WARN] [bountiful/]: Decree 'cleric' top value rewards cannot be matched with equivalent objectives. This will result in uneven bounties. Consider adding more high value objectives or lowering the value of your rewards.
* Top Rewards: _all_rews.c (32000.0), _all_rews.b (19200.0) total up to: 51200.0
* Top Objs: _all_objs.c (32000.0) total up to: 32000.0
[12Jun2026 21:15:41.003] [main/WARN] [bountiful/]: Decree 'farmer' top value rewards cannot be matched with equivalent objectives. This will result in uneven bounties. Consider adding more high value objectives or lowering the value of your rewards.
* Top Rewards: _all_rews.c (32000.0), _all_rews.b (19200.0) total up to: 51200.0
* Top Objs: _all_objs.c (32000.0) total up to: 32000.0
[12Jun2026 21:15:41.003] [main/WARN] [bountiful/]: Decree 'fisherman' top value rewards cannot be matched with equivalent objectives. This will result in uneven bounties. Consider adding more high value objectives or lowering the value of your rewards.
* Top Rewards: _all_rews.c (32000.0), _all_rews.b (19200.0) total up to: 51200.0
* Top Objs: _all_objs.c (32000.0) total up to: 32000.0
[12Jun2026 21:15:41.003] [main/WARN] [bountiful/]: Decree 'fletcher' top value rewards cannot be matched with equivalent objectives. This will result in uneven bounties. Consider adding more high value objectives or lowering the value of your rewards.
* Top Rewards: _all_rews.c (32000.0), _all_rews.b (19200.0) total up to: 51200.0
* Top Objs: _all_objs.c (32000.0) total up to: 32000.0
[12Jun2026 21:15:41.004] [main/WARN] [bountiful/]: Decree 'inventor' top value rewards cannot be matched with equivalent objectives. This will result in uneven bounties. Consider adding more high value objectives or lowering the value of your rewards.
* Top Rewards: _all_rews.c (32000.0), _all_rews.b (19200.0) total up to: 51200.0
* Top Objs: _all_objs.c (32000.0) total up to: 32000.0
[12Jun2026 21:15:41.004] [main/WARN] [bountiful/]: Decree 'leatherer' top value rewards cannot be matched with equivalent objectives. This will result in uneven bounties. Consider adding more high value objectives or lowering the value of your rewards.
* Top Rewards: _all_rews.c (32000.0), _all_rews.b (19200.0) total up to: 51200.0
* Top Objs: _all_objs.c (32000.0) total up to: 32000.0
[12Jun2026 21:15:41.004] [main/WARN] [bountiful/]: Decree 'librarian' top value rewards cannot be matched with equivalent objectives. This will result in uneven bounties. Consider adding more high value objectives or lowering the value of your rewards.
* Top Rewards: _all_rews.c (32000.0), _all_rews.b (19200.0) total up to: 51200.0
* Top Objs: _all_objs.c (32000.0) total up to: 32000.0
[12Jun2026 21:15:41.005] [main/WARN] [bountiful/]: Decree 'mapper' top value rewards cannot be matched with equivalent objectives. This will result in uneven bounties. Consider adding more high value objectives or lowering the value of your rewards.
* Top Rewards: _all_rews.c (32000.0), _all_rews.b (19200.0) total up to: 51200.0
* Top Objs: _all_objs.c (32000.0) total up to: 32000.0
[12Jun2026 21:15:41.005] [main/WARN] [bountiful/]: Decree 'shepherd' top value rewards cannot be matched with equivalent objectives. This will result in uneven bounties. Consider adding more high value objectives or lowering the value of your rewards.
* Top Rewards: _all_rews.c (32000.0), _all_rews.b (19200.0) total up to: 51200.0
* Top Objs: _all_objs.c (32000.0) total up to: 32000.0
[12Jun2026 21:15:41.005] [main/WARN] [bountiful/]: Decree 'toolsmith' top value rewards cannot be matched with equivalent objectives. This will result in uneven bounties. Consider adding more high value objectives or lowering the value of your rewards.
* Top Rewards: _all_rews.c (32000.0), _all_rews.b (19200.0) total up to: 51200.0
* Top Objs: _all_objs.c (32000.0) total up to: 32000.0
[12Jun2026 21:15:41.249] [Worker-Main-2/INFO] [io.wispforest.accessories_compat.api.tags.RuntimeTagModifier/]: All Tags to be dealt with: [accessories:wrist, accessories:idol, accessories:waist, accessories:rings, accessories:spell_book, accessories:belt, accessories:ring, accessories:pigment_palette, accessories:shoes, accessories:face, accessories:any, accessories:charm, accessories:cape, accessories:talisman, accessories:accessory, accessories:all, accessories:spell_quiver, accessories:spell_scroll, accessories:pet, accessories:hand, accessories:hat, accessories:mount, accessories:pin, accessories:spell_trinket, accessories:back, accessories:spellbook, accessories:necklace]
[12Jun2026 21:15:41.251] [Worker-Main-2/WARN] [io.wispforest.accessories_compat.api.tags.RuntimeTagModifier/]: [RuntimeTagModification] Adding Entries from [curios:bracelet] to [accessories:wrist]: 
     [unusualend:citrine_amulet (from mod/unusualend)]
[12Jun2026 21:15:41.252] [Worker-Main-2/WARN] [io.wispforest.accessories_compat.api.tags.RuntimeTagModifier/]: [RuntimeTagModification] Adding Entries from [curios:idol] to [accessories:idol]: 
     [armageddon_mod:idol_of_the_divine_retribution (from mod/armageddon_mod), armageddon_mod:great_idol_of_the_divine_retribution (from mod/armageddon_mod), armageddon_mod:idolofthe_north_star (from mod/armageddon_mod), armageddon_mod:greater_idol_of_the_north_star (from mod/armageddon_mod), armageddon_mod:idol_of_the_gale_howl (from mod/armageddon_mod), armageddon_mod:greater_idol_of_the_gale_howl (from mod/armageddon_mod), armageddon_mod:idol_of_the_flmaboundpact (from mod/armageddon_mod), armageddon_mod:greater_idol_of_the_flamebound_pact (from mod/armageddon_mod), armageddon_mod:idol_of_the_poisonous_vine (from mod/armageddon_mod), armageddon_mod:greater_idol_of_the_poisonous_vine (from mod/armageddon_mod)]
[12Jun2026 21:15:41.252] [Worker-Main-2/WARN] [io.wispforest.accessories_compat.api.tags.RuntimeTagModifier/]: [RuntimeTagModification] Adding Entries from [curios:waist] to [accessories:waist]: 
     [cataclysm:belt_of_beginner (from mod/cataclysm), cataclysm:belt_of_monstrosity (from mod/cataclysm)]
[12Jun2026 21:15:41.252] [Worker-Main-2/WARN] [io.wispforest.accessories_compat.api.tags.RuntimeTagModifier/]: [RuntimeTagModification] Adding Entries from [curios:rings] to [accessories:rings]: 
     [cataclysm:ring_of_grudged (from mod/cataclysm)]
[12Jun2026 21:15:41.253] [Worker-Main-2/WARN] [io.wispforest.accessories_compat.api.tags.RuntimeTagModifier/]: [RuntimeTagModification] Adding Entries from [accessories:spell_book] to [curios:spell_book]: 
     [#spell_engine:spell_books (from mod/spell_engine), spell_engine:spell_scroll (from mod/spell_engine)]
[12Jun2026 21:15:41.253] [Worker-Main-2/WARN] [io.wispforest.accessories_compat.api.tags.RuntimeTagModifier/]: [RuntimeTagModification] Adding Entries from [curios:belt] to [accessories:belt]: 
     [pastel:take_off_belt (from mod/pastel), pastel:azure_dike_belt (from mod/pastel), mythsandlegends:fire_heart (from mod/mythsandlegends), travelertoolbelt:belt (from mod/travelertoolbelt), travelertoolbelt:copper_belt (from mod/travelertoolbelt), travelertoolbelt:iron_belt (from mod/travelertoolbelt), travelertoolbelt:gold_belt (from mod/travelertoolbelt), travelertoolbelt:diamond_belt (from mod/travelertoolbelt), travelertoolbelt:netherite_belt (from mod/travelertoolbelt), #artifacts:slot/belt (from mod/artifacts)]
[12Jun2026 21:15:41.254] [Worker-Main-2/WARN] [io.wispforest.accessories_compat.api.tags.RuntimeTagModifier/]: [RuntimeTagModification] Adding Entries from [accessories:belt] to [curios:belt]: 
     [travelertoolbelt:belt (from mod/travelertoolbelt), travelertoolbelt:copper_belt (from mod/travelertoolbelt), travelertoolbelt:iron_belt (from mod/travelertoolbelt), travelertoolbelt:gold_belt (from mod/travelertoolbelt), travelertoolbelt:diamond_belt (from mod/travelertoolbelt), travelertoolbelt:netherite_belt (from mod/travelertoolbelt), #artifacts:slot/belt (from mod/artifacts)]
[12Jun2026 21:15:41.254] [Worker-Main-2/WARN] [io.wispforest.accessories_compat.api.tags.RuntimeTagModifier/]: [RuntimeTagModification] Adding Entries from [curios:ring] to [accessories:ring]: 
     [unusualend:pearlescent_ring (from mod/unusualend), pastel:jeopardant (from mod/pastel), pastel:azure_dike_ring (from mod/pastel), pastel:heartsingers_reward (from mod/pastel), pastel:ring_of_denser_steps (from mod/pastel), pastel:ring_of_pursuit (from mod/pastel), pastel:neat_ring (from mod/pastel), pastel:ring_of_aerial_grace (from mod/pastel), mythsandlegends:svarogs_ring (from mod/mythsandlegends), irons_spellbooks:mana_ring (from mod/irons_spellbooks), irons_spellbooks:cooldown_ring (from mod/irons_spellbooks), irons_spellbooks:cast_time_ring (from mod/irons_spellbooks), irons_spellbooks:silver_ring (from mod/irons_spellbooks), irons_spellbooks:emerald_stoneplate_ring (from mod/irons_spellbooks), irons_spellbooks:fireward_ring (from mod/irons_spellbooks), irons_spellbooks:frostward_ring (from mod/irons_spellbooks), irons_spellbooks:poisonward_ring (from mod/irons_spellbooks), irons_spellbooks:affinity_ring (from mod/irons_spellbooks), irons_spellbooks:invisibility_ring (from mod/irons_spellbooks), irons_spellbooks:lurker_ring (from mod/irons_spellbooks), irons_spellbooks:expulsion_ring (from mod/irons_spellbooks), irons_spellbooks:visibility_ring (from mod/irons_spellbooks), irons_spellbooks:betrayer_signet (from mod/irons_spellbooks)]
[12Jun2026 21:15:41.258] [Worker-Main-2/WARN] [io.wispforest.accessories_compat.api.tags.RuntimeTagModifier/]: [RuntimeTagModification] Adding Entries from [accessories:ring] to [curios:ring]: 
     [#jewelry:rings (from mod/jewelry)]
[12Jun2026 21:15:41.258] [Worker-Main-2/WARN] [io.wispforest.accessories_compat.api.tags.RuntimeTagModifier/]: [RuntimeTagModification] Adding Entries from [curios:pigment_palette] to [accessories:pigment_palette]: 
     [pastel:pigment_palette (from mod/pastel), pastel:artists_palette (from mod/pastel)]
[12Jun2026 21:15:41.259] [Worker-Main-2/WARN] [io.wispforest.accessories_compat.api.tags.RuntimeTagModifier/]: [RuntimeTagModification] Adding Entries from [curios:feet] to [accessories:shoes]: 
     [pastel:seven_league_boots (from mod/pastel), pastel:cotton_cloud_boots (from mod/pastel), cataclysm:sturdy_boots (from mod/cataclysm), #artifacts:slot/feet (from mod/artifacts)]
[12Jun2026 21:15:41.259] [Worker-Main-2/WARN] [io.wispforest.accessories_compat.api.tags.RuntimeTagModifier/]: [RuntimeTagModification] Adding Entries from [accessories:shoes] to [curios:feet]: 
     [#artifacts:slot/feet (from mod/artifacts)]
[12Jun2026 21:15:41.259] [Worker-Main-2/WARN] [io.wispforest.accessories_compat.api.tags.RuntimeTagModifier/]: [RuntimeTagModification] Adding Entries from [curios:face] to [accessories:face]: 
     [pastel:glow_vision_goggles (from mod/pastel)]
[12Jun2026 21:15:41.260] [Worker-Main-2/WARN] [io.wispforest.accessories_compat.api.tags.RuntimeTagModifier/]: [RuntimeTagModification] Adding Entries from [curios:curio] to [accessories:any]: 
     [#artifacts:slot/all (from mod/artifacts)]
[12Jun2026 21:15:41.260] [Worker-Main-2/WARN] [io.wispforest.accessories_compat.api.tags.RuntimeTagModifier/]: [RuntimeTagModification] Adding Entries from [accessories:any] to [curios:curio]: 
     [#accessories:all (from mod/accessories)]
[12Jun2026 21:15:41.260] [Worker-Main-2/WARN] [io.wispforest.accessories_compat.api.tags.RuntimeTagModifier/]: [RuntimeTagModification] Adding Entries from [curios:charm] to [accessories:charm]: 
     [unusualend:blazing_orb (from mod/unusualend), unusualend:golem_orb (from mod/unusualend), unusualend:withering_orb (from mod/unusualend), unusualend:shulker_orb (from mod/unusualend)]
[12Jun2026 21:15:41.261] [Worker-Main-2/WARN] [io.wispforest.accessories_compat.api.tags.RuntimeTagModifier/]: [RuntimeTagModification] Adding Entries from [curios:body] to [accessories:cape]: 
     [mythsandlegends:antique_emblem (from mod/mythsandlegends)]
[12Jun2026 21:15:41.261] [Worker-Main-2/WARN] [io.wispforest.accessories_compat.api.tags.RuntimeTagModifier/]: [RuntimeTagModification] Adding Entries from [curios:talisman] to [accessories:talisman]: 
     [cataclysm:unbreakable_skull (from mod/cataclysm)]
[12Jun2026 21:15:41.261] [Worker-Main-2/WARN] [io.wispforest.accessories_compat.api.tags.RuntimeTagModifier/]: [RuntimeTagModification] Adding Entries from [curios:accessory] to [accessories:accessory]: 
     [armageddon_mod:colossal_shield (from mod/armageddon_mod), armageddon_mod:gilded_shackles (from mod/armageddon_mod), armageddon_mod:arion_heart (from mod/armageddon_mod), armageddon_mod:antique_pendant (from mod/armageddon_mod), armageddon_mod:zoranths_hand (from mod/armageddon_mod), armageddon_mod:wither_spine (from mod/armageddon_mod), armageddon_mod:bee_stinger (from mod/armageddon_mod), armageddon_mod:blindfold (from mod/armageddon_mod), armageddon_mod:guardians_crystal (from mod/armageddon_mod), armageddon_mod:hunter_cloak (from mod/armageddon_mod), armageddon_mod:fisher_hat (from mod/armageddon_mod), armageddon_mod:iron_ring (from mod/armageddon_mod), armageddon_mod:sculk_eye_gem (from mod/armageddon_mod), armageddon_mod:eye_of_darkness (from mod/armageddon_mod), armageddon_mod:necrotoxic_shell (from mod/armageddon_mod), armageddon_mod:protectors_core (from mod/armageddon_mod), armageddon_mod:vagabonds_hood (from mod/armageddon_mod), armageddon_mod:ankh_tablet (from mod/armageddon_mod), armageddon_mod:obsidian_skull (from mod/armageddon_mod), armageddon_mod:rose_ring (from mod/armageddon_mod), armageddon_mod:endermen_totem (from mod/armageddon_mod), armageddon_mod:poisonous_hand (from mod/armageddon_mod), armageddon_mod:colossal_ward (from mod/armageddon_mod), armageddon_mod:voidcall_ward (from mod/armageddon_mod), armageddon_mod:anhk_aegis (from mod/armageddon_mod), armageddon_mod:rose_shield (from mod/armageddon_mod), armageddon_mod:thorned_requital (from mod/armageddon_mod), armageddon_mod:golden_spoon (from mod/armageddon_mod), armageddon_mod:spoon_of_the_last_repast (from mod/armageddon_mod), armageddon_mod:netherbound_shackles (from mod/armageddon_mod), armageddon_mod:cinder_hand (from mod/armageddon_mod), armageddon_mod:hand_of_the_storms (from mod/armageddon_mod), armageddon_mod:hand_of_the_weaks (from mod/armageddon_mod), armageddon_mod:anathema_gauntlet (from mod/armageddon_mod), armageddon_mod:seal_of_cataclysm (from mod/armageddon_mod), armageddon_mod:ancient_builders_charm (from mod/armageddon_mod), armageddon_mod:elvenite_bell (from mod/armageddon_mod), armageddon_mod:charm_of_the_sea (from mod/armageddon_mod), armageddon_mod:abyssal_charm (from mod/armageddon_mod), armageddon_mod:cloak_of_the_abyss (from mod/armageddon_mod), armageddon_mod:pendant_of_convergence (from mod/armageddon_mod), armageddon_mod:frog_leg (from mod/armageddon_mod), armageddon_mod:sandstep_anklet (from mod/armageddon_mod), armageddon_mod:glowbug_lantern (from mod/armageddon_mod), armageddon_mod:moon_charm (from mod/armageddon_mod), armageddon_mod:piglins_emblem (from mod/armageddon_mod), armageddon_mod:burst_ball (from mod/armageddon_mod), armageddon_mod:leather_bracer (from mod/armageddon_mod), armageddon_mod:elvenite_burst_ball (from mod/armageddon_mod), armageddon_mod:bone_effigy (from mod/armageddon_mod), armageddon_mod:withered_bone_effigy (from mod/armageddon_mod), armageddon_mod:fossilized_claw (from mod/armageddon_mod), armageddon_mod:pocket_compass (from mod/armageddon_mod), armageddon_mod:spelunker_talisman (from mod/armageddon_mod), armageddon_mod:the_heart (from mod/armageddon_mod), armageddon_mod:life_necklace (from mod/armageddon_mod), armageddon_mod:vampiric_talisman (from mod/armageddon_mod)]
[12Jun2026 21:15:41.262] [Worker-Main-2/WARN] [io.wispforest.accessories_compat.api.tags.RuntimeTagModifier/]: [RuntimeTagModification] Adding Entries from [accessories:spell_quiver] to [curios:spell_quiver]: 
     [#spell_engine:spell_quiver (from mod/spell_engine)]
[12Jun2026 21:15:41.263] [Worker-Main-2/WARN] [io.wispforest.accessories_compat.api.tags.RuntimeTagModifier/]: [RuntimeTagModification] Adding Entries from [accessories:spell_scroll] to [curios:spell_scroll]: 
     [spell_engine:spell_scroll (from mod/spell_engine)]
[12Jun2026 21:15:41.263] [Worker-Main-2/WARN] [io.wispforest.accessories_compat.api.tags.RuntimeTagModifier/]: [RuntimeTagModification] Adding Entries from [curios:pet] to [accessories:pet]: 
     [terra_entity:chester_staff (from mod/terra_entity), terra_entity:wallet (from mod/terra_entity)]
[12Jun2026 21:15:41.264] [Worker-Main-2/WARN] [io.wispforest.accessories_compat.api.tags.RuntimeTagModifier/]: [RuntimeTagModification] Adding Entries from [curios:hands] to [accessories:hand]: 
     [pastel:gloves_of_dawns_grasp (from mod/pastel), pastel:aether_graced_nectar_gloves (from mod/pastel), cataclysm:sticky_gloves (from mod/cataclysm), cataclysm:blazing_grips (from mod/cataclysm), cataclysm:chitin_claw (from mod/cataclysm), #artifacts:slot/hands (from mod/artifacts)]
[12Jun2026 21:15:41.264] [Worker-Main-2/WARN] [io.wispforest.accessories_compat.api.tags.RuntimeTagModifier/]: [RuntimeTagModification] Adding Entries from [accessories:hand] to [curios:hands]: 
     [#artifacts:slot/hands (from mod/artifacts)]
[12Jun2026 21:15:41.264] [Worker-Main-2/WARN] [io.wispforest.accessories_compat.api.tags.RuntimeTagModifier/]: [RuntimeTagModification] Adding Entries from [curios:head] to [accessories:hat]: 
     [pastel:ashen_circlet (from mod/pastel), pastel:weeping_circlet (from mod/pastel), pastel:puff_circlet (from mod/pastel), pastel:whispy_circlet (from mod/pastel), pastel:circlet_of_arrogance (from mod/pastel), starcatcher:fisherman_hat_white (from mod/starcatcher), starcatcher:fisherman_hat_lime (from mod/starcatcher), starcatcher:fisherman_hat_orange (from mod/starcatcher), starcatcher:fisherman_hat_red (from mod/starcatcher), starcatcher:fisherman_hat_gray (from mod/starcatcher), starcatcher:fisherman_hat_light_gray (from mod/starcatcher), starcatcher:fisherman_hat_black (from mod/starcatcher), starcatcher:fisherman_hat_brown (from mod/starcatcher), starcatcher:fisherman_hat_yellow (from mod/starcatcher), starcatcher:fisherman_hat_pink (from mod/starcatcher), starcatcher:fisherman_hat_magenta (from mod/starcatcher), starcatcher:fisherman_hat_purple (from mod/starcatcher), starcatcher:fisherman_hat_blue (from mod/starcatcher), starcatcher:fisherman_hat_light_blue (from mod/starcatcher), starcatcher:fisherman_hat_cyan (from mod/starcatcher), starcatcher:fisherman_hat_green (from mod/starcatcher), cataclysm:kobolediator_skull (from mod/cataclysm), cataclysm:aptrgangr_head (from mod/cataclysm), cataclysm:draugr_head (from mod/cataclysm), create:goggles (from mod/create), #artifacts:slot/head (from mod/artifacts), #artifacts:slot/face (from mod/artifacts)]
[12Jun2026 21:15:41.268] [Worker-Main-2/WARN] [io.wispforest.accessories_compat.api.tags.RuntimeTagModifier/]: [RuntimeTagModification] Adding Entries from [accessories:hat] to [curios:head]: 
     [#artifacts:slot/head (from mod/artifacts), #artifacts:slot/face (from mod/artifacts), #artifacts:slot/all (from mod/artifacts)]
[12Jun2026 21:15:41.268] [Worker-Main-2/WARN] [io.wispforest.accessories_compat.api.tags.RuntimeTagModifier/]: [RuntimeTagModification] Adding Entries from [curios:mount] to [accessories:mount]: 
     [terra_entity:slimy_saddle (from mod/terra_entity), terra_entity:honeyed_goggles (from mod/terra_entity)]
[12Jun2026 21:15:41.269] [Worker-Main-2/WARN] [io.wispforest.accessories_compat.api.tags.RuntimeTagModifier/]: [RuntimeTagModification] Adding Entries from [curios:pin] to [accessories:pin]: 
     [pastel:radiance_pin (from mod/pastel), pastel:gleaming_pin (from mod/pastel), pastel:azuresque_dike_core (from mod/pastel)]
[12Jun2026 21:15:41.269] [Worker-Main-2/WARN] [io.wispforest.accessories_compat.api.tags.RuntimeTagModifier/]: [RuntimeTagModification] Adding Entries from [accessories:spell_trinket] to [curios:spell_trinket]: 
     [#spell_engine:spell_trinket (from mod/spell_engine)]
[12Jun2026 21:15:41.270] [Worker-Main-2/WARN] [io.wispforest.accessories_compat.api.tags.RuntimeTagModifier/]: [RuntimeTagModification] Adding Entries from [curios:back] to [accessories:back]: 
     [sophisticatedbackpacks:backpack (from mod/sophisticatedbackpacks), sophisticatedbackpacks:copper_backpack (from mod/sophisticatedbackpacks), sophisticatedbackpacks:iron_backpack (from mod/sophisticatedbackpacks), sophisticatedbackpacks:gold_backpack (from mod/sophisticatedbackpacks), sophisticatedbackpacks:diamond_backpack (from mod/sophisticatedbackpacks), sophisticatedbackpacks:netherite_backpack (from mod/sophisticatedbackpacks)]
[12Jun2026 21:15:41.270] [Worker-Main-2/WARN] [io.wispforest.accessories_compat.api.tags.RuntimeTagModifier/]: [RuntimeTagModification] Adding Entries from [accessories:back] to [curios:back]: 
     [sophisticatedbackpacks:backpack (from mod/sophisticatedbackpacks), sophisticatedbackpacks:copper_backpack (from mod/sophisticatedbackpacks), sophisticatedbackpacks:iron_backpack (from mod/sophisticatedbackpacks), sophisticatedbackpacks:gold_backpack (from mod/sophisticatedbackpacks), sophisticatedbackpacks:diamond_backpack (from mod/sophisticatedbackpacks), sophisticatedbackpacks:netherite_backpack (from mod/sophisticatedbackpacks)]
[12Jun2026 21:15:41.271] [Worker-Main-2/WARN] [io.wispforest.accessories_compat.api.tags.RuntimeTagModifier/]: [RuntimeTagModification] Adding Entries from [curios:spellbook] to [accessories:spellbook]: 
     [irons_spellbooks:wimpy_spell_book (from mod/irons_spellbooks), irons_spellbooks:legendary_spell_book (from mod/irons_spellbooks), irons_spellbooks:netherite_spell_book (from mod/irons_spellbooks), irons_spellbooks:diamond_spell_book (from mod/irons_spellbooks), irons_spellbooks:gold_spell_book (from mod/irons_spellbooks), irons_spellbooks:iron_spell_book (from mod/irons_spellbooks), irons_spellbooks:copper_spell_book (from mod/irons_spellbooks), irons_spellbooks:rotten_spell_book (from mod/irons_spellbooks), irons_spellbooks:blaze_spell_book (from mod/irons_spellbooks), irons_spellbooks:dragonskin_spell_book (from mod/irons_spellbooks), irons_spellbooks:druidic_spell_book (from mod/irons_spellbooks), irons_spellbooks:villager_spell_book (from mod/irons_spellbooks), irons_spellbooks:evoker_spell_book (from mod/irons_spellbooks), irons_spellbooks:necronomicon_spell_book (from mod/irons_spellbooks), irons_spellbooks:cursed_doll_spell_book (from mod/irons_spellbooks), irons_spellbooks:ice_spell_book (from mod/irons_spellbooks)]
[12Jun2026 21:15:41.271] [Worker-Main-2/WARN] [io.wispforest.accessories_compat.api.tags.RuntimeTagModifier/]: [RuntimeTagModification] Adding Entries from [curios:necklace] to [accessories:necklace]: 
     [unusualend:citrine_amulet (from mod/unusualend), pastel:totem_pendant (from mod/pastel), pastel:lesser_potion_pendant (from mod/pastel), pastel:greater_potion_pendant (from mod/pastel), pastel:shieldgrasp_amulet (from mod/pastel), pastel:laurels_of_serenity (from mod/pastel), mythsandlegends:necklace_of_torngarsuk (from mod/mythsandlegends), cataclysm:vitality_ankh (from mod/cataclysm), cataclysm:berserker_soul_amulet (from mod/cataclysm), #artifacts:slot/necklace (from mod/artifacts), irons_spellbooks:enchanted_ward_amulet? (from mod/irons_spellbooks), irons_spellbooks:heavy_chain_necklace (from mod/irons_spellbooks), irons_spellbooks:conjurers_talisman (from mod/irons_spellbooks), irons_spellbooks:greater_conjurers_talisman (from mod/irons_spellbooks), irons_spellbooks:concentration_amulet (from mod/irons_spellbooks), irons_spellbooks:amethyst_resonance_charm (from mod/irons_spellbooks), irons_spellbooks:teleportation_amulet (from mod/irons_spellbooks)]
[12Jun2026 21:15:41.271] [Worker-Main-2/WARN] [io.wispforest.accessories_compat.api.tags.RuntimeTagModifier/]: [RuntimeTagModification] Adding Entries from [accessories:necklace] to [curios:necklace]: 
     [#artifacts:slot/necklace (from mod/artifacts), #jewelry:necklaces (from mod/jewelry)]
[12Jun2026 21:15:41.668] [Worker-Main-2/ERROR] [com.wdiscute.sellingbin.processors.AbstractProcessor/]: Selling Bin Processor selling_bin:quality_foods_processor is not registered! Make sure it's not dependent on another mod, and that you spelt the name correctly. Using empty processor instead.
[12Jun2026 21:15:41.669] [Worker-Main-2/ERROR] [com.wdiscute.sellingbin.processors.AbstractProcessor/]: Selling Bin Processor selling_bin:quality_foods_processor is not registered! Make sure it's not dependent on another mod, and that you spelt the name correctly. Using empty processor instead.
[12Jun2026 21:15:41.669] [Worker-Main-2/ERROR] [com.wdiscute.sellingbin.processors.AbstractProcessor/]: Selling Bin Processor selling_bin:quality_foods_processor is not registered! Make sure it's not dependent on another mod, and that you spelt the name correctly. Using empty processor instead.
[12Jun2026 21:15:41.670] [Worker-Main-2/ERROR] [com.wdiscute.sellingbin.processors.AbstractProcessor/]: Selling Bin Processor selling_bin:quality_foods_processor is not registered! Make sure it's not dependent on another mod, and that you spelt the name correctly. Using empty processor instead.
[12Jun2026 21:15:41.670] [Worker-Main-2/ERROR] [com.wdiscute.sellingbin.processors.AbstractProcessor/]: Selling Bin Processor selling_bin:quality_foods_processor is not registered! Make sure it's not dependent on another mod, and that you spelt the name correctly. Using empty processor instead.
[12Jun2026 21:15:41.955] [Worker-Main-2/WARN] [GeckoLib/]: Unsupported geometry json version: 1.21.0 for model block_factorys_bosses:geo/entity/sandworm.geo.json. Supported versions: 1.12.0. Remove any rotated face UVs and re-export the model to fix
[12Jun2026 21:15:42.080] [main/ERROR] [net.minecraft.world.item.crafting.RecipeManager/]: Parsing error loading recipe unusualend:warp_endstone_deploy: com.google.gson.JsonParseException: Failed to parse either. First: No key amount in MapLike[{"item":"unusualend:warped_end_stone"}]; No key id in MapLike[{"item":"unusualend:warped_end_stone"}]; Second: Failed to parse either. First: No key id in MapLike[{"item":"unusualend:warped_end_stone"}]; Second: Failed to parse either. First: Not a JSON object: "unusualend:warped_end_stone"; Second: Compat cannot be deserialized
[12Jun2026 21:15:42.122] [main/ERROR] [net.minecraft.world.item.crafting.RecipeManager/]: Parsing error loading recipe pastel:mod_integration/xycraft/fluid_interactions/frostbite_crystal: com.google.gson.JsonParseException: Unknown registry key in ResourceKey[minecraft:root / minecraft:recipe_serializer]: xycraft_machines:extractor
[12Jun2026 21:15:42.123] [main/ERROR] [net.minecraft.world.item.crafting.RecipeManager/]: Parsing error loading recipe unusualend:stripped_planks_create_compa: com.google.gson.JsonParseException: Failed to parse either. First: No key amount in MapLike[{"item":"unusualend:stripped_chorus_nest_planks","count":6}]; No key id in MapLike[{"item":"unusualend:stripped_chorus_nest_planks","count":6}]; Second: Failed to parse either. First: No key id in MapLike[{"item":"unusualend:stripped_chorus_nest_planks","count":6}]; Second: Failed to parse either. First: Not a JSON object: "unusualend:stripped_chorus_nest_planks"; Second: Compat cannot be deserialized
[12Jun2026 21:15:42.128] [main/ERROR] [net.minecraft.world.item.crafting.RecipeManager/]: Parsing error loading recipe pastel:mod_integration/xycraft/fluid_interactions/flayed_earth: com.google.gson.JsonParseException: Unknown registry key in ResourceKey[minecraft:root / minecraft:recipe_serializer]: xycraft_machines:extractor
[12Jun2026 21:15:42.137] [main/ERROR] [net.minecraft.world.item.crafting.RecipeManager/]: Parsing error loading recipe unusualend:bluk_create_compa: com.google.gson.JsonParseException: Failed to parse either. First: No key amount in MapLike[{"item":"unusualend:bluk_au_chocolat"}]; No key id in MapLike[{"item":"unusualend:bluk_au_chocolat"}]; Second: Failed to parse either. First: No key id in MapLike[{"item":"unusualend:bluk_au_chocolat"}]; Second: Failed to parse either. First: Not a JSON object: "unusualend:bluk_au_chocolat"; Second: Compat cannot be deserialized; Failed to parse either. First: Failed to parse either. First: No key type in MapLike[{"fluid":"create:chocolate","nbt":{},"amount":50}]; Second: Failed to parse either. First: No key type in MapLike[{"fluid":"create:chocolate","nbt":{},"amount":50}]; Second: No key fluid_tag in MapLike[{"fluid":"create:chocolate","nbt":{},"amount":50}]; No key type in MapLike[{"fluid":"create:chocolate","nbt":{},"amount":50}]; Second: Failed to parse either. First: Not a json array: {"fluid":"create:chocolate","nbt":{},"amount":50}; Second: No key tag in MapLike[{"fluid":"create:chocolate","nbt":{},"amount":50}]; No key item in MapLike[{"fluid":"create:chocolate","nbt":{},"amount":50}]
[12Jun2026 21:15:42.152] [main/ERROR] [net.minecraft.world.item.crafting.RecipeManager/]: Parsing error loading recipe unusualend:citrine_crushing_create_compa: com.google.gson.JsonParseException: Failed to parse either. First: No key amount in MapLike[{"item":"create:experience_nugget","chance":0.10}]; No key id in MapLike[{"item":"create:experience_nugget","chance":0.10}]; Second: Failed to parse either. First: No key id in MapLike[{"item":"create:experience_nugget","chance":0.10}]; Second: Failed to parse either. First: Not a JSON object: "create:experience_nugget"; Second: Compat cannot be deserialized; Failed to parse either. First: No key amount in MapLike[{"item":"unusualend:citrine_chunk","chance":0.25}]; No key id in MapLike[{"item":"unusualend:citrine_chunk","chance":0.25}]; Second: Failed to parse either. First: No key id in MapLike[{"item":"unusualend:citrine_chunk","chance":0.25}]; Second: Failed to parse either. First: Not a JSON object: "unusualend:citrine_chunk"; Second: Compat cannot be deserialized; Failed to parse either. First: No key amount in MapLike[{"item":"unusualend:citrine_chunk"}]; No key id in MapLike[{"item":"unusualend:citrine_chunk"}]; Second: Failed to parse either. First: No key id in MapLike[{"item":"unusualend:citrine_chunk"}]; Second: Failed to parse either. First: Not a JSON object: "unusualend:citrine_chunk"; Second: Compat cannot be deserialized
[12Jun2026 21:15:42.164] [main/ERROR] [net.minecraft.world.item.crafting.RecipeManager/]: Parsing error loading recipe pastel:mod_integration/xycraft/fluid_interactions/blazing_crystal: com.google.gson.JsonParseException: Unknown registry key in ResourceKey[minecraft:root / minecraft:recipe_serializer]: xycraft_machines:extractor
[12Jun2026 21:15:42.167] [main/ERROR] [net.minecraft.world.item.crafting.RecipeManager/]: Parsing error loading recipe pastel:mod_integration/xycraft/fluid_interactions/hornslake: com.google.gson.JsonParseException: Unknown registry key in ResourceKey[minecraft:root / minecraft:recipe_serializer]: xycraft_machines:extractor
[12Jun2026 21:15:42.193] [main/ERROR] [net.minecraft.world.item.crafting.RecipeManager/]: Parsing error loading recipe unusualend:stripped_log_create_compa: com.google.gson.JsonParseException: Failed to parse either. First: No key amount in MapLike[{"item":"unusualend:stripped_chorus_cane_block"}]; No key id in MapLike[{"item":"unusualend:stripped_chorus_cane_block"}]; Second: Failed to parse either. First: No key id in MapLike[{"item":"unusualend:stripped_chorus_cane_block"}]; Second: Failed to parse either. First: Not a JSON object: "unusualend:stripped_chorus_cane_block"; Second: Compat cannot be deserialized
[12Jun2026 21:15:42.205] [main/ERROR] [net.minecraft.world.item.crafting.RecipeManager/]: Parsing error loading recipe pastel:mod_integration/xycraft/fluid_interactions/calcite: com.google.gson.JsonParseException: Unknown registry key in ResourceKey[minecraft:root / minecraft:recipe_serializer]: xycraft_machines:extractor
[12Jun2026 21:15:42.228] [main/ERROR] [net.minecraft.world.item.crafting.RecipeManager/]: Parsing error loading recipe pastel:mod_integration/xycraft/fluid_interactions/humus: com.google.gson.JsonParseException: Unknown registry key in ResourceKey[minecraft:root / minecraft:recipe_serializer]: xycraft_machines:extractor
[12Jun2026 21:15:42.249] [main/ERROR] [net.minecraft.world.item.crafting.RecipeManager/]: Parsing error loading recipe unusualend:chorus_paper_via_press: com.google.gson.JsonParseException: Failed to parse either. First: No key amount in MapLike[{"item":"minecraft:paper"}]; No key id in MapLike[{"item":"minecraft:paper"}]; Second: Failed to parse either. First: No key id in MapLike[{"item":"minecraft:paper"}]; Second: Failed to parse either. First: Not a JSON object: "minecraft:paper"; Second: Compat cannot be deserialized
[12Jun2026 21:15:42.263] [main/ERROR] [net.minecraft.world.item.crafting.RecipeManager/]: Parsing error loading recipe unusualend:stripped_chorus_create_compa: com.google.gson.JsonParseException: Failed to parse either. First: No key amount in MapLike[{"item":"unusualend:stripped_chorus_nest_planks"}]; No key id in MapLike[{"item":"unusualend:stripped_chorus_nest_planks"}]; Second: Failed to parse either. First: No key id in MapLike[{"item":"unusualend:stripped_chorus_nest_planks"}]; Second: Failed to parse either. First: Not a JSON object: "unusualend:stripped_chorus_nest_planks"; Second: Compat cannot be deserialized
[12Jun2026 21:15:42.264] [main/ERROR] [net.minecraft.world.item.crafting.RecipeManager/]: Parsing error loading recipe unusualend:warped_squash_create_compat: com.google.gson.JsonParseException: Failed to parse either. First: No key amount in MapLike[{"item":"unusualend:warped_squash"}]; No key id in MapLike[{"item":"unusualend:warped_squash"}]; Second: Failed to parse either. First: No key id in MapLike[{"item":"unusualend:warped_squash"}]; Second: Failed to parse either. First: Not a JSON object: "unusualend:warped_squash"; Second: Compat cannot be deserialized
[12Jun2026 21:15:42.269] [main/ERROR] [net.minecraft.world.item.crafting.RecipeManager/]: Parsing error loading recipe unusualend:endstone_crushing: com.google.gson.JsonParseException: Failed to parse either. First: No key amount in MapLike[{"item":"unusualend:weak_end_stone_bricks","chance":0.85}]; No key id in MapLike[{"item":"unusualend:weak_end_stone_bricks","chance":0.85}]; Second: Failed to parse either. First: No key id in MapLike[{"item":"unusualend:weak_end_stone_bricks","chance":0.85}]; Second: Failed to parse either. First: Not a JSON object: "unusualend:weak_end_stone_bricks"; Second: Compat cannot be deserialized
[12Jun2026 21:15:42.282] [main/ERROR] [net.minecraft.world.item.crafting.RecipeManager/]: Parsing error loading recipe pastel:mod_integration/xycraft/fluid_interactions/slush: com.google.gson.JsonParseException: Unknown registry key in ResourceKey[minecraft:root / minecraft:recipe_serializer]: xycraft_machines:extractor
[12Jun2026 21:15:42.285] [main/ERROR] [net.minecraft.world.item.crafting.RecipeManager/]: Parsing error loading recipe unusualend:purpur_embedded_endstone_from_deploying: com.google.gson.JsonParseException: Failed to parse either. First: No key amount in MapLike[{"item":"unusualend:purpur_embedded_end_stone"}]; No key id in MapLike[{"item":"unusualend:purpur_embedded_end_stone"}]; Second: Failed to parse either. First: No key id in MapLike[{"item":"unusualend:purpur_embedded_end_stone"}]; Second: Failed to parse either. First: Not a JSON object: "unusualend:purpur_embedded_end_stone"; Second: Compat cannot be deserialized
[12Jun2026 21:15:42.288] [main/ERROR] [net.minecraft.world.item.crafting.RecipeManager/]: Parsing error loading recipe armageddon_mod:bsotlh_duplication_recipe: com.google.gson.JsonParseException: Item stack with stack size of 2 was larger than maximum: 1
[12Jun2026 21:15:42.306] [main/ERROR] [net.minecraft.world.item.crafting.RecipeManager/]: Parsing error loading recipe pastel:mod_integration/xycraft/fluid_interactions/basalt: com.google.gson.JsonParseException: Unknown registry key in ResourceKey[minecraft:root / minecraft:recipe_serializer]: xycraft_machines:extractor
[12Jun2026 21:15:42.340] [main/ERROR] [net.minecraft.world.item.crafting.RecipeManager/]: Parsing error loading recipe unusualend:infused_endstone_tiles_via_deploying: com.google.gson.JsonParseException: Failed to parse either. First: No key amount in MapLike[{"item":"minecraft:glass_bottle"}]; No key id in MapLike[{"item":"minecraft:glass_bottle"}]; Second: Failed to parse either. First: No key id in MapLike[{"item":"minecraft:glass_bottle"}]; Second: Failed to parse either. First: Not a JSON object: "minecraft:glass_bottle"; Second: Compat cannot be deserialized; Failed to parse either. First: No key amount in MapLike[{"item":"unusualend:infused_end_stone_tiles"}]; No key id in MapLike[{"item":"unusualend:infused_end_stone_tiles"}]; Second: Failed to parse either. First: No key id in MapLike[{"item":"unusualend:infused_end_stone_tiles"}]; Second: Failed to parse either. First: Not a JSON object: "unusualend:infused_end_stone_tiles"; Second: Compat cannot be deserialized
[12Jun2026 21:15:42.344] [main/ERROR] [net.minecraft.world.item.crafting.RecipeManager/]: Parsing error loading recipe unusualend:gloopstone_lantern_via_deploying: com.google.gson.JsonParseException: Failed to parse either. First: No key amount in MapLike[{"item":"unusualend:gloopstone_lantern"}]; No key id in MapLike[{"item":"unusualend:gloopstone_lantern"}]; Second: Failed to parse either. First: No key id in MapLike[{"item":"unusualend:gloopstone_lantern"}]; Second: Failed to parse either. First: Not a JSON object: "unusualend:gloopstone_lantern"; Second: Compat cannot be deserialized
[12Jun2026 21:15:42.353] [main/ERROR] [net.minecraft.world.item.crafting.RecipeManager/]: Parsing error loading recipe create:smelting/silver_ingot_compat_galosphere: com.google.gson.JsonParseException: Unknown registry key in ResourceKey[minecraft:root / minecraft:item]: galosphere:silver_ingot
[12Jun2026 21:15:42.365] [main/ERROR] [net.minecraft.world.item.crafting.RecipeManager/]: Parsing error loading recipe pastel:mod_integration/waystones/pedestal/alt_sharestone: com.google.gson.JsonParseException: Unknown registry key in ResourceKey[minecraft:root / minecraft:item]: waystones:sharestone; No key colors in MapLike[{"type":"pastel:pedestal","time":180,"tier":"basic","magenta":0,"yellow":0,"cyan":4,"black":0,"white":0,"experience":0.2,"pattern":["SSS"," E ","OOO"],"key":{"O":"minecraft:obsidian","S":"minecraft:stone_bricks","E":"pastel:radiating_ender"},"result":{"id":"waystones:sharestone","count":2},"required_advancement":"pastel:collect_radiating_ender"}]
[12Jun2026 21:15:42.370] [main/ERROR] [net.minecraft.world.item.crafting.RecipeManager/]: Parsing error loading recipe pastel:mod_integration/xycraft/fluid_interactions/clay: com.google.gson.JsonParseException: Unknown registry key in ResourceKey[minecraft:root / minecraft:recipe_serializer]: xycraft_machines:extractor
[12Jun2026 21:15:42.384] [main/ERROR] [net.minecraft.world.item.crafting.RecipeManager/]: Parsing error loading recipe unusualend:warp_netherrack_deploy: com.google.gson.JsonParseException: Failed to parse either. First: No key amount in MapLike[{"item":"minecraft:warped_nylium"}]; No key id in MapLike[{"item":"minecraft:warped_nylium"}]; Second: Failed to parse either. First: No key id in MapLike[{"item":"minecraft:warped_nylium"}]; Second: Failed to parse either. First: Not a JSON object: "minecraft:warped_nylium"; Second: Compat cannot be deserialized
[12Jun2026 21:15:42.396] [main/ERROR] [net.minecraft.world.item.crafting.RecipeManager/]: Parsing error loading recipe pastel:mod_integration/xycraft/fluid_interactions/blackstone: com.google.gson.JsonParseException: Unknown registry key in ResourceKey[minecraft:root / minecraft:recipe_serializer]: xycraft_machines:extractor
[12Jun2026 21:15:42.405] [main/ERROR] [net.minecraft.world.item.crafting.RecipeManager/]: Parsing error loading recipe unusualend:warped_embedded_citrine_from_deploying: com.google.gson.JsonParseException: Failed to parse either. First: No key amount in MapLike[{"item":"unusualend:warped_stone_embedded_citrine"}]; No key id in MapLike[{"item":"unusualend:warped_stone_embedded_citrine"}]; Second: Failed to parse either. First: No key id in MapLike[{"item":"unusualend:warped_stone_embedded_citrine"}]; Second: Failed to parse either. First: Not a JSON object: "unusualend:warped_stone_embedded_citrine"; Second: Compat cannot be deserialized
[12Jun2026 21:15:42.407] [main/ERROR] [net.minecraft.world.item.crafting.RecipeManager/]: Parsing error loading recipe unusualend:music_disc_press: com.google.gson.JsonParseException: Failed to parse either. First: No key amount in MapLike[{"item":"unusualend:music_disc_endstone_golem_theme"}]; No key id in MapLike[{"item":"unusualend:music_disc_endstone_golem_theme"}]; Second: Failed to parse either. First: No key id in MapLike[{"item":"unusualend:music_disc_endstone_golem_theme"}]; Second: Failed to parse either. First: Not a JSON object: "unusualend:music_disc_endstone_golem_theme"; Second: Compat cannot be deserialized
[12Jun2026 21:15:42.471] [main/ERROR] [net.minecraft.world.item.crafting.RecipeManager/]: Parsing error loading recipe pastel:mod_integration/xycraft/fluid_interactions/coarse_dirt: com.google.gson.JsonParseException: Unknown registry key in ResourceKey[minecraft:root / minecraft:recipe_serializer]: xycraft_machines:extractor
[12Jun2026 21:15:42.499] [main/ERROR] [net.minecraft.world.item.crafting.RecipeManager/]: Parsing error loading recipe unusualend:stripped_chorus_stairs_compa: com.google.gson.JsonParseException: Failed to parse either. First: No key amount in MapLike[{"item":"unusualend:stripped_chorus_nest_stairs"}]; No key id in MapLike[{"item":"unusualend:stripped_chorus_nest_stairs"}]; Second: Failed to parse either. First: No key id in MapLike[{"item":"unusualend:stripped_chorus_nest_stairs"}]; Second: Failed to parse either. First: Not a JSON object: "unusualend:stripped_chorus_nest_stairs"; Second: Compat cannot be deserialized
[12Jun2026 21:15:42.504] [main/ERROR] [net.minecraft.world.item.crafting.RecipeManager/]: Parsing error loading recipe unusualend:ancient_encased_purpur_recipe_via_deploy_polished: com.google.gson.JsonParseException: Failed to parse either. First: No key amount in MapLike[{"item":"unusualend:ancient_encased_purpur"}]; No key id in MapLike[{"item":"unusualend:ancient_encased_purpur"}]; Second: Failed to parse either. First: No key id in MapLike[{"item":"unusualend:ancient_encased_purpur"}]; Second: Failed to parse either. First: Not a JSON object: "unusualend:ancient_encased_purpur"; Second: Compat cannot be deserialized
[12Jun2026 21:15:42.516] [main/ERROR] [net.minecraft.world.item.crafting.RecipeManager/]: Parsing error loading recipe create:blasting/silver_ingot_compat_galosphere: com.google.gson.JsonParseException: Unknown registry key in ResourceKey[minecraft:root / minecraft:item]: galosphere:silver_ingot
[12Jun2026 21:15:42.539] [main/ERROR] [net.minecraft.world.item.crafting.RecipeManager/]: Parsing error loading recipe armageddon_mod:vitalis_pearl_recipe: com.google.gson.JsonParseException: Map entry 'a' : Failed to parse either. First: Not a json array: {"item":"minecraft:air"}; Second: No key tag in MapLike[{"item":"minecraft:air"}]; Item must not be minecraft:air
[12Jun2026 21:15:42.541] [main/ERROR] [net.minecraft.world.item.crafting.RecipeManager/]: Parsing error loading recipe pastel:mod_integration/xycraft/fluid_interactions/terracotta: com.google.gson.JsonParseException: Unknown registry key in ResourceKey[minecraft:root / minecraft:recipe_serializer]: xycraft_machines:extractor
[12Jun2026 21:15:42.550] [main/ERROR] [net.minecraft.world.item.crafting.RecipeManager/]: Parsing error loading recipe unusualend:ancient_encased_end_stone_via_deploy: com.google.gson.JsonParseException: Failed to parse either. First: No key amount in MapLike[{"item":"unusualend:ancient_encased_end_stone"}]; No key id in MapLike[{"item":"unusualend:ancient_encased_end_stone"}]; Second: Failed to parse either. First: No key id in MapLike[{"item":"unusualend:ancient_encased_end_stone"}]; Second: Failed to parse either. First: Not a JSON object: "unusualend:ancient_encased_end_stone"; Second: Compat cannot be deserialized
[12Jun2026 21:15:42.558] [main/ERROR] [net.minecraft.world.item.crafting.RecipeManager/]: Parsing error loading recipe unusualend:stripped_chorus_slab_compa: com.google.gson.JsonParseException: Failed to parse either. First: No key amount in MapLike[{"item":"unusualend:stripped_chorus_nest_slab"}]; No key id in MapLike[{"item":"unusualend:stripped_chorus_nest_slab"}]; Second: Failed to parse either. First: No key id in MapLike[{"item":"unusualend:stripped_chorus_nest_slab"}]; Second: Failed to parse either. First: Not a JSON object: "unusualend:stripped_chorus_nest_slab"; Second: Compat cannot be deserialized
[12Jun2026 21:15:42.577] [main/ERROR] [net.minecraft.world.item.crafting.RecipeManager/]: Parsing error loading recipe shieldexp:griefer_shield: com.google.gson.JsonParseException: Unknown registry key in ResourceKey[minecraft:root / minecraft:item]: shieldexp:griefer_shield; Map entry 'X' : Failed to parse either. First: Not a json array: {"item":"savage_and_ravage:blast_proof_plating"}; Second: No key tag in MapLike[{"item":"savage_and_ravage:blast_proof_plating"}]; Unknown registry key in ResourceKey[minecraft:root / minecraft:item]: savage_and_ravage:blast_proof_plating
[12Jun2026 21:15:42.581] [main/INFO] [net.minecraft.world.item.crafting.RecipeManager/]: Loaded 13239 recipes
[12Jun2026 21:15:43.029] [main/ERROR] [net.minecraft.advancements.AdvancementTree/]: Couldn't load advancements: [pastel:lategame/break_spawner_with_resonance_tool, hominid:adventure/hematoma, minecraft:wander_add_map, pastel:lategame/break_infested_block_with_resonance_tool, pastel:lategame/break_budding_block_with_resonance_tool, sweety_archaeology:obtain_climbing_axe, minecraft:give_quest_trader_trade]
[12Jun2026 21:15:43.029] [main/INFO] [net.minecraft.advancements.AdvancementTree/]: Loaded 8574 advancements
[12Jun2026 21:15:43.039] [main/WARN] [net.neoforged.neoforge.common.loot.LootModifierManager/]: Could not decode GlobalLootModifier with json id pastel:night_archeology - error: Invalid string to use as a resource path element: minecraft:archaeology/trail_ruins_rare; Invalid string to use as a resource path element: minecraft:archaeology/trail_ruins_common; Invalid string to use as a resource path element: minecraft:archaeology/desert_well; Invalid string to use as a resource path element: minecraft:archaeology/desert_pyramid; Invalid string to use as a resource path element: minecraft:archaeology/ocean_ruin_warm; Invalid string to use as a resource path element: minecraft:archaeology/ocean_ruin_cold
[12Jun2026 21:15:43.041] [main/INFO] [Silent's Power Scale/Scaling Attribute Manager]: Reloading scaling attribute files
[12Jun2026 21:15:43.041] [main/INFO] [Silent's Power Scale/Scaling Attribute Manager]: Decoding scaling attribute "powerscale:arrow_damage" in pack "mod/powerscale"
[12Jun2026 21:15:43.042] [main/INFO] [Silent's Power Scale/Scaling Attribute Manager]: Decoding scaling attribute "powerscale:attack_damage" in pack "mod/powerscale"
[12Jun2026 21:15:43.042] [main/INFO] [Silent's Power Scale/Scaling Attribute Manager]: Decoding scaling attribute "powerscale:max_health" in pack "mod/powerscale"
[12Jun2026 21:15:43.043] [main/INFO] [Silent's Power Scale/Scaling Attribute Manager]: Decoding scaling attribute "powerscale:movement_speed" in pack "mod/powerscale"
[12Jun2026 21:15:43.045] [main/INFO] [Silent's Power Scale/Scaling Attribute Manager]: Decoded 4 scaling attributes
[12Jun2026 21:15:43.049] [main/INFO] [com.cmdpro.databank.Databank/]: [DATABANK] Adding Databank Hidden Entries
[12Jun2026 21:15:43.053] [main/INFO] [com.cmdpro.databank.Databank/]: [DATABANK] Loaded 356 hidden entries
[12Jun2026 21:15:43.053] [main/INFO] [com.cmdpro.databank.Databank/]: [DATABANK] Adding Databank Multiblocks
[12Jun2026 21:15:43.053] [main/INFO] [com.cmdpro.databank.Databank/]: [DATABANK] Loaded 0 multiblocks
[12Jun2026 21:15:43.053] [main/INFO] [com.cmdpro.databank.Databank/]: [DATABANK] Adding Databank Megastructures
[12Jun2026 21:15:43.053] [main/INFO] [com.cmdpro.databank.Databank/]: [DATABANK] Loaded 0 Megastructures
[12Jun2026 21:15:43.053] [main/INFO] [com.cmdpro.databank.Databank/]: [DATABANK] Adding Databank Dialogue Trees
[12Jun2026 21:15:43.053] [main/INFO] [com.cmdpro.databank.Databank/]: [DATABANK] Loaded 0 Dialogue Trees
[12Jun2026 21:15:43.053] [main/INFO] [com.cmdpro.databank.Databank/]: [DATABANK] Adding Databank Instanced Dimensions
[12Jun2026 21:15:43.054] [main/INFO] [com.cmdpro.databank.Databank/]: [DATABANK] Loaded 0 Instanced Dimensions
[12Jun2026 21:15:43.059] [main/INFO] [Curios API/]: Loaded 22 curio slots
[12Jun2026 21:15:43.071] [main/INFO] [Curios API/]: Loaded 11 curio entities
[12Jun2026 21:15:43.081] [main/INFO] [saintsdragons/]: Loaded 5 dragon attribute configuration(s) from Forge config
[12Jun2026 21:15:43.197] [main/INFO] [boss_checklist/]: Number of registered boss ids on the server: 45
[12Jun2026 21:15:43.229] [main/INFO] [Moonlight/]: Failed to load custom color set definition {"id":"quark:rune","colors":{"default":"quark:blank_rune"},"replace":false}. Ignoring
[12Jun2026 21:15:43.229] [main/INFO] [Moonlight/]: Failed to load custom color set definition {"id":"suppsquared:sack","colors":{"default":"supplementaries:sack"},"replace":false}. Ignoring
[12Jun2026 21:15:43.229] [main/INFO] [Moonlight/]: Failed to load custom color set definition {"id":"quark:shard","colors":{"default":"quark:clear_shard"},"replace":false}. Ignoring
[12Jun2026 21:15:43.274] [main/INFO] [com.github.ysbbbbbb.kaleidoscopecookery.KaleidoscopeCookery/]: Successfully loaded millstone bindable data
[12Jun2026 21:15:43.299] [main/WARN] [net.minecraft.core.MappedRegistry/]: Not all defined tags for registry ResourceKey[minecraft:root / minecraft:block] are present in data pack: cataclysm:needs_black_steel_tool, cataclysm:needs_monstrosity_tool, realmrpg_skeletons:crimson_skeletons_can_generate_on, realmrpg_skeletons:deep_underground_chamber_can_generate_on, realmrpg_skeletons:dripstone_skeletons_can_generate_on, realmrpg_skeletons:lava_skeletons_can_generate_on, realmrpg_skeletons:monument_skeletons_can_generate_on, realmrpg_skeletons:sand_skeletons_can_generate_on, realmrpg_skeletons:skeletons_cannot_generate_on, realmrpg_skeletons:snow_skeletons_can_generate_on, realmrpg_skeletons:snow_skeletons_can_replace, realmrpg_skeletons:surface_skeletons_can_generate_on, realmrpg_skeletons:underground_chamber_can_generate_on, realmrpg_skeletons:warped_skeletons_can_generate_on, realmrpg_skeletons:webbed_skeletons_can_replace
[12Jun2026 21:15:43.317] [main/WARN] [net.minecraft.core.MappedRegistry/]: Not all defined tags for registry ResourceKey[minecraft:root / minecraft:item] are present in data pack: pastel:rock_crystal
[12Jun2026 21:15:43.503] [main/WARN] [ModernFix/]: Initial datapack load took 8.030 s
[12Jun2026 21:15:43.586] [Server thread/INFO] [net.minecraft.server.dedicated.DedicatedServer/]: Starting minecraft server version 1.21.1
[12Jun2026 21:15:43.587] [Server thread/INFO] [net.minecraft.server.dedicated.DedicatedServer/]: Loading properties
[12Jun2026 21:15:43.587] [Server thread/INFO] [net.minecraft.server.dedicated.DedicatedServer/]: Default game type: SURVIVAL
[12Jun2026 21:15:43.587] [Server thread/INFO] [net.minecraft.server.MinecraftServer/]: Generating keypair
[12Jun2026 21:15:43.788] [Server thread/INFO] [net.minecraft.server.dedicated.DedicatedServer/]: Starting Minecraft server on *:25565
[12Jun2026 21:15:43.841] [Server thread/INFO] [net.minecraft.server.network.ServerConnectionListener/]: Using epoll channel type
[12Jun2026 21:15:43.882] [Server thread/WARN] [net.minecraft.server.dedicated.DedicatedServer/]: **** SERVER IS RUNNING IN OFFLINE/INSECURE MODE!
[12Jun2026 21:15:43.883] [Server thread/WARN] [net.minecraft.server.dedicated.DedicatedServer/]: The server will make no attempt to authenticate usernames. Beware.
[12Jun2026 21:15:43.883] [Server thread/WARN] [net.minecraft.server.dedicated.DedicatedServer/]: While this makes the game possible to play without internet access, it also opens up the ability for hackers to connect with any username they choose.
[12Jun2026 21:15:43.883] [Server thread/WARN] [net.minecraft.server.dedicated.DedicatedServer/]: To change this, set "online-mode" to "true" in the server.properties file.
[12Jun2026 21:15:43.901] [Server thread/WARN] [net.neoforged.fml.config.ConfigTracker/CONFIG]: Configuration file /workspaces/RPG-Svs/servidor_minecraft/config/powerscale-server.toml is not correct. Correcting
[12Jun2026 21:15:43.908] [Server thread/INFO] [Silent's Power Scale/]: Config loading :)
[12Jun2026 21:15:43.910] [Server thread/INFO] [Puzzles Lib/]: Dispatching loading event for config metalbundles-server.toml
[12Jun2026 21:15:43.915] [Server thread/INFO] [Puzzles Lib/]: Dispatching loading event for config iteminteractions-server.toml
[12Jun2026 21:15:43.974] [Server thread/INFO] [net.sweety.unusualend.UnusualEnd/]: Is it registered ? false, true
[12Jun2026 21:15:44.164] [Server thread/WARN] [net.neoforged.neoforge.server.ServerLifecycleHooks/]: Detected minecraft:ocelot that was registered with CREATURE mob category but was added under MONSTER mob category for regions_unexplored:eucalyptus_forest biome! Mobs should be added to biomes under the same mob category that the mob was registered as to prevent mob cap spawning issues.
[12Jun2026 21:15:44.247] [Server thread/WARN] [net.neoforged.neoforge.server.ServerLifecycleHooks/]: Detected minecraft:ocelot that was registered with CREATURE mob category but was added under MONSTER mob category for regions_unexplored:rainforest biome! Mobs should be added to biomes under the same mob category that the mob was registered as to prevent mob cap spawning issues.
[12Jun2026 21:15:44.272] [Server thread/WARN] [net.neoforged.neoforge.server.ServerLifecycleHooks/]: Detected minecraft:ocelot that was registered with CREATURE mob category but was added under MONSTER mob category for regions_unexplored:sparse_rainforest biome! Mobs should be added to biomes under the same mob category that the mob was registered as to prevent mob cap spawning issues.
[12Jun2026 21:15:44.293] [Server thread/WARN] [net.neoforged.neoforge.server.ServerLifecycleHooks/]: Detected minecraft:ocelot that was registered with CREATURE mob category but was added under MONSTER mob category for regions_unexplored:tropics biome! Mobs should be added to biomes under the same mob category that the mob was registered as to prevent mob cap spawning issues.
[12Jun2026 21:15:44.404] [Server thread/INFO] [spark/]: Starting background profiler...
[12Jun2026 21:15:45.336] [Server thread/INFO] [STDERR/]: [net.bettercombat.logic.WeaponRegistry:loadContainers:96]: Failed to parse: armageddon_mod:weapon_attributes/the_sword_of_the_starved.json
[12Jun2026 21:15:45.337] [Server thread/INFO] [STDERR/]: [java.lang.Throwable:printStackTrace:651]: com.google.gson.JsonSyntaxException: com.google.gson.stream.MalformedJsonException: Unterminated object at line 36 column 12 path $.attributes.attacks[2].swing_sound.id
[12Jun2026 21:15:45.337] [Server thread/INFO] [STDERR/]: [java.lang.Throwable:printStackTrace:651]: 	at MC-BOOTSTRAP/com.google.gson@2.10.1/com.google.gson.Gson.fromJson(Gson.java:1241)
[12Jun2026 21:15:45.337] [Server thread/INFO] [STDERR/]: [java.lang.Throwable:printStackTrace:651]: 	at MC-BOOTSTRAP/com.google.gson@2.10.1/com.google.gson.Gson.fromJson(Gson.java:1186)
[12Jun2026 21:15:45.337] [Server thread/INFO] [STDERR/]: [java.lang.Throwable:printStackTrace:651]: 	at TRANSFORMER/bettercombat@2.3.2+1.21.1/net.bettercombat.api.WeaponAttributesHelper.decode(WeaponAttributesHelper.java:94)
[12Jun2026 21:15:45.337] [Server thread/INFO] [STDERR/]: [java.lang.Throwable:printStackTrace:651]: 	at TRANSFORMER/bettercombat@2.3.2+1.21.1/net.bettercombat.logic.WeaponRegistry.loadContainers(WeaponRegistry.java:87)
[12Jun2026 21:15:45.338] [Server thread/INFO] [STDERR/]: [java.lang.Throwable:printStackTrace:651]: 	at TRANSFORMER/bettercombat@2.3.2+1.21.1/net.bettercombat.logic.WeaponRegistry.loadAttributes(WeaponRegistry.java:66)
[12Jun2026 21:15:45.338] [Server thread/INFO] [STDERR/]: [java.lang.Throwable:printStackTrace:651]: 	at TRANSFORMER/bettercombat@2.3.2+1.21.1/net.bettercombat.BetterCombatMod.loadWeaponAttributes(BetterCombatMod.java:69)
[12Jun2026 21:15:45.338] [Server thread/INFO] [STDERR/]: [java.lang.Throwable:printStackTrace:651]: 	at TRANSFORMER/bettercombat@2.3.2+1.21.1/net.bettercombat.neoforge.NeoForgeEvents.register(NeoForgeEvents.java:15)
[12Jun2026 21:15:45.338] [Server thread/INFO] [STDERR/]: [java.lang.Throwable:printStackTrace:651]: 	at MC-BOOTSTRAP/net.neoforged.bus/net.neoforged.bus.EventBus.post(EventBus.java:360)
[12Jun2026 21:15:45.338] [Server thread/INFO] [STDERR/]: [java.lang.Throwable:printStackTrace:651]: 	at MC-BOOTSTRAP/net.neoforged.bus/net.neoforged.bus.EventBus.post(EventBus.java:328)
[12Jun2026 21:15:45.339] [Server thread/INFO] [STDERR/]: [java.lang.Throwable:printStackTrace:651]: 	at TRANSFORMER/neoforge@21.1.230/net.neoforged.neoforge.server.ServerLifecycleHooks.handleServerAboutToStart(ServerLifecycleHooks.java:98)
[12Jun2026 21:15:45.339] [Server thread/INFO] [STDERR/]: [java.lang.Throwable:printStackTrace:651]: 	at TRANSFORMER/minecraft@1.21.1/net.minecraft.server.dedicated.DedicatedServer.initServer(DedicatedServer.java:191)
[12Jun2026 21:15:45.339] [Server thread/INFO] [STDERR/]: [java.lang.Throwable:printStackTrace:651]: 	at TRANSFORMER/minecraft@1.21.1/net.minecraft.server.MinecraftServer.runServer(MinecraftServer.java:670)
[12Jun2026 21:15:45.339] [Server thread/INFO] [STDERR/]: [java.lang.Throwable:printStackTrace:651]: 	at TRANSFORMER/minecraft@1.21.1/net.minecraft.server.MinecraftServer.lambda$spin$2(MinecraftServer.java:267)
[12Jun2026 21:15:45.339] [Server thread/INFO] [STDERR/]: [java.lang.Throwable:printStackTrace:651]: 	at java.base/java.lang.Thread.run(Thread.java:1583)
[12Jun2026 21:15:45.340] [Server thread/INFO] [STDERR/]: [java.lang.Throwable:printStackTrace:660]: Caused by: com.google.gson.stream.MalformedJsonException: Unterminated object at line 36 column 12 path $.attributes.attacks[2].swing_sound.id
[12Jun2026 21:15:45.340] [Server thread/INFO] [STDERR/]: [java.lang.Throwable:printStackTrace:660]: 	at MC-BOOTSTRAP/com.google.gson@2.10.1/com.google.gson.stream.JsonReader.syntaxError(JsonReader.java:1659)
[12Jun2026 21:15:45.340] [Server thread/INFO] [STDERR/]: [java.lang.Throwable:printStackTrace:660]: 	at MC-BOOTSTRAP/com.google.gson@2.10.1/com.google.gson.stream.JsonReader.doPeek(JsonReader.java:500)
[12Jun2026 21:15:45.340] [Server thread/INFO] [STDERR/]: [java.lang.Throwable:printStackTrace:660]: 	at MC-BOOTSTRAP/com.google.gson@2.10.1/com.google.gson.stream.JsonReader.hasNext(JsonReader.java:422)
[12Jun2026 21:15:45.340] [Server thread/INFO] [STDERR/]: [java.lang.Throwable:printStackTrace:660]: 	at MC-BOOTSTRAP/com.google.gson@2.10.1/com.google.gson.internal.bind.ReflectiveTypeAdapterFactory$Adapter.read(ReflectiveTypeAdapterFactory.java:387)
[12Jun2026 21:15:45.341] [Server thread/INFO] [STDERR/]: [java.lang.Throwable:printStackTrace:660]: 	at MC-BOOTSTRAP/com.google.gson@2.10.1/com.google.gson.internal.bind.ReflectiveTypeAdapterFactory$1.readIntoField(ReflectiveTypeAdapterFactory.java:212)
[12Jun2026 21:15:45.341] [Server thread/INFO] [STDERR/]: [java.lang.Throwable:printStackTrace:660]: 	at MC-BOOTSTRAP/com.google.gson@2.10.1/com.google.gson.internal.bind.ReflectiveTypeAdapterFactory$FieldReflectionAdapter.readField(ReflectiveTypeAdapterFactory.java:433)
[12Jun2026 21:15:45.341] [Server thread/INFO] [STDERR/]: [java.lang.Throwable:printStackTrace:660]: 	at MC-BOOTSTRAP/com.google.gson@2.10.1/com.google.gson.internal.bind.ReflectiveTypeAdapterFactory$Adapter.read(ReflectiveTypeAdapterFactory.java:393)
[12Jun2026 21:15:45.341] [Server thread/INFO] [STDERR/]: [java.lang.Throwable:printStackTrace:660]: 	at MC-BOOTSTRAP/com.google.gson@2.10.1/com.google.gson.internal.bind.TypeAdapterRuntimeTypeWrapper.read(TypeAdapterRuntimeTypeWrapper.java:40)
[12Jun2026 21:15:45.341] [Server thread/INFO] [STDERR/]: [java.lang.Throwable:printStackTrace:660]: 	at MC-BOOTSTRAP/com.google.gson@2.10.1/com.google.gson.internal.bind.ArrayTypeAdapter.read(ArrayTypeAdapter.java:72)
[12Jun2026 21:15:45.342] [Server thread/INFO] [STDERR/]: [java.lang.Throwable:printStackTrace:660]: 	at MC-BOOTSTRAP/com.google.gson@2.10.1/com.google.gson.internal.bind.ReflectiveTypeAdapterFactory$1.readIntoField(ReflectiveTypeAdapterFactory.java:212)
[12Jun2026 21:15:45.342] [Server thread/INFO] [STDERR/]: [java.lang.Throwable:printStackTrace:660]: 	at MC-BOOTSTRAP/com.google.gson@2.10.1/com.google.gson.internal.bind.ReflectiveTypeAdapterFactory$FieldReflectionAdapter.readField(ReflectiveTypeAdapterFactory.java:433)
[12Jun2026 21:15:45.342] [Server thread/INFO] [STDERR/]: [java.lang.Throwable:printStackTrace:660]: 	at MC-BOOTSTRAP/com.google.gson@2.10.1/com.google.gson.internal.bind.ReflectiveTypeAdapterFactory$Adapter.read(ReflectiveTypeAdapterFactory.java:393)
[12Jun2026 21:15:45.342] [Server thread/INFO] [STDERR/]: [java.lang.Throwable:printStackTrace:660]: 	at MC-BOOTSTRAP/com.google.gson@2.10.1/com.google.gson.internal.bind.ReflectiveTypeAdapterFactory$1.readIntoField(ReflectiveTypeAdapterFactory.java:212)
[12Jun2026 21:15:45.342] [Server thread/INFO] [STDERR/]: [java.lang.Throwable:printStackTrace:660]: 	at MC-BOOTSTRAP/com.google.gson@2.10.1/com.google.gson.internal.bind.ReflectiveTypeAdapterFactory$FieldReflectionAdapter.readField(ReflectiveTypeAdapterFactory.java:433)
[12Jun2026 21:15:45.343] [Server thread/INFO] [STDERR/]: [java.lang.Throwable:printStackTrace:660]: 	at MC-BOOTSTRAP/com.google.gson@2.10.1/com.google.gson.internal.bind.ReflectiveTypeAdapterFactory$Adapter.read(ReflectiveTypeAdapterFactory.java:393)
[12Jun2026 21:15:45.343] [Server thread/INFO] [STDERR/]: [java.lang.Throwable:printStackTrace:660]: 	at MC-BOOTSTRAP/com.google.gson@2.10.1/com.google.gson.Gson.fromJson(Gson.java:1227)
[12Jun2026 21:15:45.343] [Server thread/INFO] [STDERR/]: [java.lang.Throwable:printStackTrace:660]: 	... 13 more
[12Jun2026 21:15:45.460] [Server thread/INFO] [net.bettercombat.logic.WeaponRegistry/]: Encoded Weapon Attribute registry size (with package overhead): 28611 bytes (in 3 string chunks with the size of 10000)
[12Jun2026 21:15:45.460] [Server thread/INFO] [bountiful/]: Registering Bounty Board Jigsaw Piece for Village Type: plains
[12Jun2026 21:15:45.461] [Server thread/INFO] [bountiful/]: Registering Bounty Board Jigsaw Piece for Village Type: savanna
[12Jun2026 21:15:45.461] [Server thread/INFO] [bountiful/]: Registering Bounty Board Jigsaw Piece for Village Type: snowy
[12Jun2026 21:15:45.462] [Server thread/INFO] [bountiful/]: Registering Bounty Board Jigsaw Piece for Village Type: taiga
[12Jun2026 21:15:45.462] [Server thread/INFO] [bountiful/]: Registering Bounty Board Jigsaw Piece for Village Type: desert
[12Jun2026 21:15:45.482] [Server thread/INFO] [STDOUT/]: [net.spell_engine.internals.container.SpellAssignments:encodeContent:91]: Encoded SpellRegistry size (with package overhead): ??? bytes (in 6 string chunks with the size of 10000)
[12Jun2026 21:15:45.503] [Server thread/INFO] [net.sweety.unusualend.UnusualEnd/]: Is it registered ? false, true
[12Jun2026 21:15:45.852] [Server thread/INFO] [terrablender/]: Initialized TerraBlender biomes for level stem minecraft:overworld
[12Jun2026 21:15:45.854] [Server thread/INFO] [net.sweety.unusualend.UnusualEnd/]: Is it registered ? false, true
[12Jun2026 21:15:45.854] [Server thread/INFO] [terrablender/]: Initialized TerraBlender biomes for level stem minecraft:the_nether
[12Jun2026 21:15:45.854] [Server thread/INFO] [net.minecraft.server.dedicated.DedicatedServer/]: Preparing level "world"
[12Jun2026 21:15:45.887] [Server thread/INFO] [TerraBlenderFix/]: Optimizing surface rules
[12Jun2026 21:15:45.889] [Server thread/INFO] [CheckedThreadLocalRandom/]: Enforcing safe world random access
[12Jun2026 21:15:46.177] [Server thread/WARN] [mixin/]: Static binding violation: PRIVATE @Overwrite method readChunk in c2me-rewrites-chunk-system.mixins.json:async_serialization.MixinThreadedAnvilChunkStorage from mod c2me_rewrites_chunk_system cannot reduce visibiliy of PUBLIC target method, visibility will be upgraded.
[12Jun2026 21:15:46.806] [Server thread/INFO] [TheSpeedyObjectFactory/]: Using TheSpeedyObjectFactory with Unsafe
[12Jun2026 21:15:51.264] [Server thread/INFO] [biolith/]: Ignoring world 'eternal_starlight:starlight'; unknown dimension type: eternal_starlight:starlight
[12Jun2026 21:15:53.373] [Server thread/INFO] [biolith/]: Ignoring world 'undergarden:undergarden'; unknown dimension type: undergarden:undergarden
[12Jun2026 21:15:53.374] [Server thread/INFO] [TerraBlenderFix/]: Optimizing surface rules
[12Jun2026 21:15:53.410] [Server thread/INFO] [biolith/]: Ignoring world 'pastel:deeper_down'; unknown dimension type: pastel:deeper_down_type
[12Jun2026 21:15:54.440] [Server thread/INFO] [biolith/]: Ignoring world 'irons_spellbooks:pocket_dimension'; unknown dimension type: irons_spellbooks:pocket_dimension_type
[12Jun2026 21:15:54.446] [Server thread/WARN] [com.structureessentials.StructureEssentials/]: Non-unique structure_set salt:0 potentially creating overlapping structures detected. Structure sets: [eternal_starlight:cursed_garden, minecraft:mineshafts, eternal_starlight:golem_forge, darkerdepths:petrified_mineshaft, nova_structures:end_castle, minecraft:strongholds, minecraft:buried_treasures]
[12Jun2026 21:15:54.446] [Server thread/WARN] [com.structureessentials.StructureEssentials/]: Non-unique structure_set salt:10387313 potentially creating overlapping structures detected. Structure sets: [minecraft:ocean_monuments, minecraft:end_cities]
[12Jun2026 21:15:54.447] [Server thread/WARN] [com.structureessentials.StructureEssentials/]: Non-unique structure_set salt:783 potentially creating overlapping structures detected. Structure sets: [nova_structures:badlands_miner_outpost_mineshafts, nova_structures:taverns, nova_structures:badlands_miner_outpost]
[12Jun2026 21:15:54.447] [Server thread/WARN] [com.structureessentials.StructureEssentials/]: Non-unique structure_set salt:78409300 potentially creating overlapping structures detected. Structure sets: [nova_structures:shrines, nova_structures:shrine_tower]
[12Jun2026 21:15:54.447] [Server thread/WARN] [com.structureessentials.StructureEssentials/]: Non-unique structure_set salt:20083232 potentially creating overlapping structures detected. Structure sets: [darkerdepths:catacombs_set, minecraft:ancient_cities]
[12Jun2026 21:15:54.453] [Server thread/WARN] [com.structureessentials.StructureEssentials/]: Non-unique structure_set salt:1694767081 potentially creating overlapping structures detected. Structure sets: [mythsandlegends:graveyard, mythsandlegends:sepulcrum_ignitum]
[12Jun2026 21:15:54.453] [Server thread/WARN] [com.structureessentials.StructureEssentials/]: Non-unique structure_set salt:10387312 potentially creating overlapping structures detected. Structure sets: [nova_structures:villages_jungle, nova_structures:villages_swamp, nova_structures:villages_birch]
[12Jun2026 21:15:54.453] [Server thread/WARN] [com.structureessentials.StructureEssentials/]: Non-unique structure_set salt:4533232 potentially creating overlapping structures detected. Structure sets: [nova_structures:illager_camp, nova_structures:nether_camps]
[12Jun2026 21:15:54.453] [Server thread/WARN] [com.structureessentials.StructureEssentials/]: Non-unique structure_set salt:239021 potentially creating overlapping structures detected. Structure sets: [nova_structures:desert_ruins, nova_structures:jungle_ruins]
[12Jun2026 21:15:54.453] [Server thread/WARN] [com.structureessentials.StructureEssentials/]: Non-unique structure_set salt:7831267 potentially creating overlapping structures detected. Structure sets: [pastel:city_below, pastel:undergrowth_manor]
[12Jun2026 21:15:54.457] [Server thread/INFO] [net.minecraft.server.MinecraftServer/]: Preparing start region for dimension minecraft:overworld
[12Jun2026 21:15:54.525] [Server thread/INFO] [STDOUT/]: [ca.spottedleaf.starlight.common.thread.GlobalExecutors:<clinit>:20]: [ScalableLux] Lighting scaling is enabled in externally managed mode
[12Jun2026 21:15:55.066] [c2me-worker-1/INFO] [net.minecraft.server.level.progress.LoggerChunkProgressListener/]: Preparing spawn area: 0%
[12Jun2026 21:15:55.067] [c2me-worker-0/INFO] [net.minecraft.server.level.progress.LoggerChunkProgressListener/]: Preparing spawn area: 0%
[12Jun2026 21:15:55.066] [c2me-worker-2/INFO] [net.minecraft.server.level.progress.LoggerChunkProgressListener/]: Preparing spawn area: 0%
[12Jun2026 21:15:55.155] [Server thread/INFO] [com.cupboard.Cupboard/]: Loaded config for: limitedchunks.json
[12Jun2026 21:15:55.465] [c2me-worker-2/INFO] [net.minecraft.server.level.progress.LoggerChunkProgressListener/]: Preparing spawn area: 57%
[12Jun2026 21:15:55.497] [Server thread/INFO] [net.minecraft.server.level.progress.LoggerChunkProgressListener/]: Time elapsed: 1039 ms
[12Jun2026 21:15:55.499] [Server thread/INFO] [net.minecraft.server.dedicated.DedicatedServer/]: Done (11.603s)! For help, type "help"
[12Jun2026 21:15:56.537] [Server thread/INFO] [net.neoforged.neoforge.server.permission.PermissionAPI/]: Successfully initialized permission handler neoforge:default_handler
[12Jun2026 21:15:56.567] [Server thread/INFO] [puffish_skills/]: [puffish_skills] Mod configuration loaded successfully!
[12Jun2026 21:15:56.798] [Server thread/INFO] [puffish_skills/]: [puffish_skills] Data pack `irons_skills` loaded successfully!
[12Jun2026 21:15:56.826] [Server thread/INFO] [puffish_skills/]: [puffish_skills] Data pack `puffish_skills` loaded successfully!
[12Jun2026 21:15:56.908] [Server thread/INFO] [puffish_skills/]: [puffish_skills] Data pack `skill_tree_rpgs` loaded successfully!
[12Jun2026 21:15:57.025] [Server thread/INFO] [net.revilodev.boundless.BoundlessMod/]: Boundless server starting
[12Jun2026 21:15:57.749] [Server thread/INFO] [pastel/]: [pastel] Injecting dynamic recipes into recipe manager...
[12Jun2026 21:15:57.753] [Server thread/INFO] [com.cupboard.Cupboard/]: Loaded config for: chunksending.json
[12Jun2026 21:15:57.756] [Server thread/INFO] [com.cupboard.Cupboard/]: Loaded config for: dragonfight.json
[12Jun2026 21:15:57.938] [Server thread/WARN] [ModernFix/]: Dedicated server took 65.535 seconds to load
[12Jun2026 21:16:03.002] [Server thread/INFO] [STDOUT/]: [net.caffeinemc.mods.lithium.common.block.TrackedBlockStatePredicate:<clinit>:13]: Lithium Cached BlockState Flags are disabled!
[12Jun2026 21:18:13.388] [Server thread/INFO] [net.minecraft.server.players.PlayerList/]: Mainoo_[/100.98.160.45:50419] logged in with entity id 4 at (-516.6502784986919, 65.0, -180.04297934549058)
[12Jun2026 21:18:13.513] [Server thread/INFO] [Modonomicon/]: Building books ...
[12Jun2026 21:18:13.529] [Server thread/WARN] [Modonomicon/]: Recipe pastel:pedestal/tier3/boom/pipe_bomb (of type pastel:pedestal) not found.
[12Jun2026 21:18:13.530] [Server thread/WARN] [Modonomicon/]: Recipe pastel:mod_integration/create/enchantment_upgrade/potato_recovery/1_to_2 (of type pastel:enchantment_upgrade) not found.
[12Jun2026 21:18:13.530] [Server thread/WARN] [Modonomicon/]: Recipe pastel:mod_integration/create/enchantment_upgrade/capacity/1_to_2 (of type pastel:enchantment_upgrade) not found.
[12Jun2026 21:18:13.531] [Server thread/WARN] [Modonomicon/]: Recipe pastel:mod_integration/waystones/pedestal/alt_sharestone (of type pastel:pedestal) not found.
[12Jun2026 21:18:13.535] [Server thread/WARN] [Modonomicon/]: Recipe pastel:enchantment_upgrade/pastel/first_strike (of type pastel:enchantment_upgrade) not found.
[12Jun2026 21:18:13.535] [Server thread/WARN] [Modonomicon/]: Recipe pastel:enchantment_upgrade/pastel/razing (of type pastel:enchantment_upgrade) not found.
[12Jun2026 21:18:13.538] [Server thread/WARN] [Modonomicon/]: Recipe pastel:enchantment_upgrade/pastel/improved_critical (of type pastel:enchantment_upgrade) not found.
[12Jun2026 21:18:13.538] [Server thread/WARN] [Modonomicon/]: Recipe pastel:enchantment_upgrade/pastel/clovers_favor (of type pastel:enchantment_upgrade) not found.
[12Jun2026 21:18:13.538] [Server thread/WARN] [Modonomicon/]: Recipe pastel:enchantment_upgrade/pastel/tight_grip (of type pastel:enchantment_upgrade) not found.
[12Jun2026 21:18:13.539] [Server thread/WARN] [Modonomicon/]: Recipe pastel:enchantment_upgrade/pastel/exuberance (of type pastel:enchantment_upgrade) not found.
[12Jun2026 21:18:13.542] [Server thread/WARN] [Modonomicon/]: Recipe pastel:enchantment_upgrade/pastel/inertia (of type pastel:enchantment_upgrade) not found.
[12Jun2026 21:18:13.542] [Server thread/WARN] [Modonomicon/]: Recipe pastel:enchantment_upgrade/pastel/disarming (of type pastel:enchantment_upgrade) not found.
[12Jun2026 21:18:13.542] [Server thread/WARN] [Modonomicon/]: Recipe pastel:enchantment_upgrade/pastel/big_catch (of type pastel:enchantment_upgrade) not found.
[12Jun2026 21:18:13.542] [Server thread/WARN] [Modonomicon/]: Recipe pastel:enchantment_upgrade/pastel/treasure_hunter (of type pastel:enchantment_upgrade) not found.
[12Jun2026 21:18:13.542] [Server thread/WARN] [Modonomicon/]: Recipe pastel:enchantment_upgrade/pastel/serendipity_reel (of type pastel:enchantment_upgrade) not found.
[12Jun2026 21:18:13.542] [Server thread/WARN] [Modonomicon/]: Recipe pastel:titration_barrel/infused_beverages/lager_fluid (of type pastel:titration_barrel) not found.
[12Jun2026 21:18:13.543] [Server thread/WARN] [Modonomicon/]: Recipe pastel:titration_barrel/infused_beverages/mead_fluid (of type pastel:titration_barrel) not found.
[12Jun2026 21:18:13.543] [Server thread/WARN] [Modonomicon/]: Recipe pastel:pedestal/tier1/vanilla/packed_humus (of type pastel:pedestal) not found.
[12Jun2026 21:18:13.549] [Server thread/WARN] [Modonomicon/]: Recipe pastel:titration_barrel/bristle_mead_fluid (of type pastel:titration_barrel) not found.
[12Jun2026 21:18:13.550] [Server thread/INFO] [Modonomicon/]: Books built.
[12Jun2026 21:18:13.552] [Server thread/WARN] [io.redspace.ironsspellbooks.IronsSpellbooks/]: Spell Configuration file "global_config.json", outside of namespaced directory, will be ignored!
[12Jun2026 21:18:13.611] [Server thread/INFO] [net.minecraft.server.MinecraftServer/]: Mainoo_ joined the game
[12Jun2026 21:18:14.157] [Server thread/INFO] [artifacts.Artifacts/]: Sending item configs to client
[12Jun2026 21:18:15.679] [c2me-worker-2/INFO] [STDERR/]: [java.lang.Throwable:printStackTrace:651]: java.lang.NoClassDefFoundError: net/minecraft/client/resources/model/Material
[12Jun2026 21:18:15.681] [c2me-worker-2/INFO] [STDERR/]: [java.lang.Throwable:printStackTrace:651]: 	at java.base/java.lang.Class.getDeclaredMethods0(Native Method)
[12Jun2026 21:18:15.682] [c2me-worker-2/INFO] [STDERR/]: [java.lang.Throwable:printStackTrace:651]: 	at java.base/java.lang.Class.privateGetDeclaredMethods(Class.java:3580)
[12Jun2026 21:18:15.682] [c2me-worker-2/INFO] [STDERR/]: [java.lang.Throwable:printStackTrace:651]: 	at java.base/java.lang.Class.getMethodsRecursive(Class.java:3721)
[12Jun2026 21:18:15.683] [c2me-worker-2/INFO] [STDERR/]: [java.lang.Throwable:printStackTrace:651]: 	at java.base/java.lang.Class.getMethod0(Class.java:3707)
[12Jun2026 21:18:15.684] [c2me-worker-2/INFO] [STDERR/]: [java.lang.Throwable:printStackTrace:651]: 	at java.base/java.lang.Class.getMethod(Class.java:2395)
[12Jun2026 21:18:15.684] [c2me-worker-2/INFO] [STDERR/]: [java.lang.Throwable:printStackTrace:651]: 	at TRANSFORMER/minecraft@1.21.1/net.minecraft.world.level.block.state.BlockBehaviour$BlockStateBase.handler$dde000$scalablelux$initLightAccessState(BlockBehaviour.java:4004)
[12Jun2026 21:18:15.685] [c2me-worker-2/INFO] [STDERR/]: [java.lang.Throwable:printStackTrace:651]: 	at TRANSFORMER/minecraft@1.21.1/net.minecraft.world.level.block.state.BlockBehaviour$BlockStateBase.initCache(BlockBehaviour.java:492)
[12Jun2026 21:18:15.685] [c2me-worker-2/INFO] [STDERR/]: [java.lang.Throwable:printStackTrace:651]: 	at TRANSFORMER/minecraft@1.21.1/net.minecraft.world.level.block.state.BlockBehaviour$BlockStateBase.mfix$generateCache(BlockBehaviour.java:997)
[12Jun2026 21:18:15.686] [c2me-worker-2/INFO] [STDERR/]: [java.lang.Throwable:printStackTrace:651]: 	at TRANSFORMER/minecraft@1.21.1/net.minecraft.world.level.block.state.BlockBehaviour$BlockStateBase.getOpacityIfCached(BlockBehaviour.java)
[12Jun2026 21:18:15.686] [c2me-worker-2/INFO] [STDERR/]: [java.lang.Throwable:printStackTrace:651]: 	at TRANSFORMER/scalablelux@0.1.0.1+neoforge.1cb1e91/ca.spottedleaf.starlight.common.light.BlockStarLightEngine.calculateLightValue(BlockStarLightEngine.java:142)
[12Jun2026 21:18:15.687] [c2me-worker-2/INFO] [STDERR/]: [java.lang.Throwable:printStackTrace:651]: 	at TRANSFORMER/scalablelux@0.1.0.1+neoforge.1cb1e91/ca.spottedleaf.starlight.common.light.StarLightEngine.checkChunkEdge(StarLightEngine.java:531)
[12Jun2026 21:18:15.687] [c2me-worker-2/INFO] [STDERR/]: [java.lang.Throwable:printStackTrace:651]: 	at TRANSFORMER/scalablelux@0.1.0.1+neoforge.1cb1e91/ca.spottedleaf.starlight.common.light.StarLightEngine.checkChunkEdges(StarLightEngine.java:588)
[12Jun2026 21:18:15.688] [c2me-worker-2/INFO] [STDERR/]: [java.lang.Throwable:printStackTrace:651]: 	at TRANSFORMER/scalablelux@0.1.0.1+neoforge.1cb1e91/ca.spottedleaf.starlight.common.light.StarLightEngine.checkChunkEdges(StarLightEngine.java:864)
[12Jun2026 21:18:15.688] [c2me-worker-2/INFO] [STDERR/]: [java.lang.Throwable:printStackTrace:651]: 	at TRANSFORMER/scalablelux@0.1.0.1+neoforge.1cb1e91/ca.spottedleaf.starlight.common.light.StarLightInterface.checkBlockEdges(StarLightInterface.java:505)
[12Jun2026 21:18:15.688] [c2me-worker-2/INFO] [STDERR/]: [java.lang.Throwable:printStackTrace:651]: 	at TRANSFORMER/scalablelux@0.1.0.1+neoforge.1cb1e91/ca.spottedleaf.starlight.common.light.StarLightInterface.checkChunkEdges(StarLightInterface.java:486)
[12Jun2026 21:18:15.689] [c2me-worker-2/INFO] [STDERR/]: [java.lang.Throwable:printStackTrace:651]: 	at TRANSFORMER/minecraft@1.21.1/net.minecraft.server.level.ThreadedLevelLightEngine.md161291$scalablelux$lambda$lightChunk$5$2(ThreadedLevelLightEngine.java:719)
[12Jun2026 21:18:15.689] [c2me-worker-2/INFO] [STDERR/]: [java.lang.Throwable:printStackTrace:651]: 	at java.base/java.util.concurrent.CompletableFuture$AsyncSupply.run(CompletableFuture.java:1768)
[12Jun2026 21:18:15.690] [c2me-worker-2/INFO] [STDERR/]: [java.lang.Throwable:printStackTrace:651]: 	at TRANSFORMER/scalablelux@0.1.0.1+neoforge.1cb1e91/ca.spottedleaf.starlight.common.light.StarLightInterface.handleUpdateInternal(StarLightInterface.java:629)
[12Jun2026 21:18:15.690] [c2me-worker-2/INFO] [STDERR/]: [java.lang.Throwable:printStackTrace:651]: 	at TRANSFORMER/scalablelux@0.1.0.1+neoforge.1cb1e91/ca.spottedleaf.starlight.common.light.StarLightInterface.lambda$schedulePropagation0$1(StarLightInterface.java:595)
[12Jun2026 21:18:15.691] [c2me-worker-2/INFO] [STDERR/]: [java.lang.Throwable:printStackTrace:651]: 	at TRANSFORMER/c2me_base@0.3.0+alpha.0.91+1.21.1/com.ishland.c2me.base.common.scheduler.SimplePrioritizedTask.run(SimplePrioritizedTask.java:23)
[12Jun2026 21:18:15.691] [c2me-worker-2/INFO] [STDERR/]: [java.lang.Throwable:printStackTrace:651]: 	at TRANSFORMER/c2me_base@0.3.0+alpha.0.91+1.21.1/com.ishland.flowsched.executor.WorkerThread.pollTasks(WorkerThread.java:46)
[12Jun2026 21:18:15.691] [c2me-worker-2/INFO] [STDERR/]: [java.lang.Throwable:printStackTrace:651]: 	at TRANSFORMER/c2me_base@0.3.0+alpha.0.91+1.21.1/com.ishland.flowsched.executor.WorkerThread.run(WorkerThread.java:29)
[12Jun2026 21:18:15.692] [c2me-worker-2/INFO] [STDERR/]: [java.lang.Throwable:printStackTrace:660]: Caused by: java.lang.ClassNotFoundException: net.minecraft.client.resources.model.Material
[12Jun2026 21:18:15.692] [c2me-worker-2/INFO] [STDERR/]: [java.lang.Throwable:printStackTrace:660]: 	at cpw.mods.securejarhandler/cpw.mods.cl.ModuleClassLoader.loadClass(ModuleClassLoader.java:220)
[12Jun2026 21:18:15.692] [c2me-worker-2/INFO] [STDERR/]: [java.lang.Throwable:printStackTrace:660]: 	at java.base/java.lang.ClassLoader.loadClass(ClassLoader.java:526)
[12Jun2026 21:18:15.692] [c2me-worker-2/INFO] [STDERR/]: [java.lang.Throwable:printStackTrace:660]: 	... 22 more
[12Jun2026 21:18:16.055] [Server thread/WARN] [net.minecraft.server.MinecraftServer/]: Can't keep up! Is the server overloaded? Running 3114ms or 62 ticks behind
[12Jun2026 21:18:17.411] [c2me-worker-1/INFO] [STDERR/]: [java.lang.Throwable:printStackTrace:651]: java.lang.NoClassDefFoundError: net/minecraft/client/resources/model/Material
[12Jun2026 21:18:17.411] [c2me-worker-1/INFO] [STDERR/]: [java.lang.Throwable:printStackTrace:651]: 	at java.base/java.lang.Class.getDeclaredMethods0(Native Method)
[12Jun2026 21:18:17.411] [c2me-worker-1/INFO] [STDERR/]: [java.lang.Throwable:printStackTrace:651]: 	at java.base/java.lang.Class.privateGetDeclaredMethods(Class.java:3580)
[12Jun2026 21:18:17.412] [c2me-worker-1/INFO] [STDERR/]: [java.lang.Throwable:printStackTrace:651]: 	at java.base/java.lang.Class.getMethodsRecursive(Class.java:3721)
[12Jun2026 21:18:17.412] [c2me-worker-1/INFO] [STDERR/]: [java.lang.Throwable:printStackTrace:651]: 	at java.base/java.lang.Class.getMethod0(Class.java:3707)
[12Jun2026 21:18:17.412] [c2me-worker-1/INFO] [STDERR/]: [java.lang.Throwable:printStackTrace:651]: 	at java.base/java.lang.Class.getMethod(Class.java:2395)
[12Jun2026 21:18:17.412] [c2me-worker-1/INFO] [STDERR/]: [java.lang.Throwable:printStackTrace:651]: 	at TRANSFORMER/minecraft@1.21.1/net.minecraft.world.level.block.state.BlockBehaviour$BlockStateBase.handler$dde000$scalablelux$initLightAccessState(BlockBehaviour.java:4004)
[12Jun2026 21:18:17.412] [c2me-worker-1/INFO] [STDERR/]: [java.lang.Throwable:printStackTrace:651]: 	at TRANSFORMER/minecraft@1.21.1/net.minecraft.world.level.block.state.BlockBehaviour$BlockStateBase.initCache(BlockBehaviour.java:492)
[12Jun2026 21:18:17.412] [c2me-worker-1/INFO] [STDERR/]: [java.lang.Throwable:printStackTrace:651]: 	at TRANSFORMER/minecraft@1.21.1/net.minecraft.world.level.block.state.BlockBehaviour$BlockStateBase.mfix$generateCache(BlockBehaviour.java:997)
[12Jun2026 21:18:17.413] [c2me-worker-1/INFO] [STDERR/]: [java.lang.Throwable:printStackTrace:651]: 	at TRANSFORMER/minecraft@1.21.1/net.minecraft.world.level.block.state.BlockBehaviour$BlockStateBase.getOpacityIfCached(BlockBehaviour.java)
[12Jun2026 21:18:17.414] [c2me-worker-1/INFO] [STDERR/]: [java.lang.Throwable:printStackTrace:651]: 	at TRANSFORMER/scalablelux@0.1.0.1+neoforge.1cb1e91/ca.spottedleaf.starlight.common.light.BlockStarLightEngine.calculateLightValue(BlockStarLightEngine.java:142)
[12Jun2026 21:18:17.415] [c2me-worker-1/INFO] [STDERR/]: [java.lang.Throwable:printStackTrace:651]: 	at TRANSFORMER/scalablelux@0.1.0.1+neoforge.1cb1e91/ca.spottedleaf.starlight.common.light.StarLightEngine.checkChunkEdge(StarLightEngine.java:531)
[12Jun2026 21:18:17.416] [c2me-worker-1/INFO] [STDERR/]: [java.lang.Throwable:printStackTrace:651]: 	at TRANSFORMER/scalablelux@0.1.0.1+neoforge.1cb1e91/ca.spottedleaf.starlight.common.light.StarLightEngine.checkChunkEdges(StarLightEngine.java:588)
[12Jun2026 21:18:17.417] [c2me-worker-1/INFO] [STDERR/]: [java.lang.Throwable:printStackTrace:651]: 	at TRANSFORMER/scalablelux@0.1.0.1+neoforge.1cb1e91/ca.spottedleaf.starlight.common.light.StarLightEngine.checkChunkEdges(StarLightEngine.java:864)
[12Jun2026 21:18:17.417] [c2me-worker-1/INFO] [STDERR/]: [java.lang.Throwable:printStackTrace:651]: 	at TRANSFORMER/scalablelux@0.1.0.1+neoforge.1cb1e91/ca.spottedleaf.starlight.common.light.StarLightInterface.checkBlockEdges(StarLightInterface.java:505)
[12Jun2026 21:18:17.418] [c2me-worker-1/INFO] [STDERR/]: [java.lang.Throwable:printStackTrace:651]: 	at TRANSFORMER/scalablelux@0.1.0.1+neoforge.1cb1e91/ca.spottedleaf.starlight.common.light.StarLightInterface.checkChunkEdges(StarLightInterface.java:486)
[12Jun2026 21:18:17.419] [c2me-worker-1/INFO] [STDERR/]: [java.lang.Throwable:printStackTrace:651]: 	at TRANSFORMER/minecraft@1.21.1/net.minecraft.server.level.ThreadedLevelLightEngine.md161291$scalablelux$lambda$lightChunk$5$2(ThreadedLevelLightEngine.java:719)
[12Jun2026 21:18:17.420] [c2me-worker-1/INFO] [STDERR/]: [java.lang.Throwable:printStackTrace:651]: 	at java.base/java.util.concurrent.CompletableFuture$AsyncSupply.run(CompletableFuture.java:1768)
[12Jun2026 21:18:17.421] [c2me-worker-1/INFO] [STDERR/]: [java.lang.Throwable:printStackTrace:651]: 	at TRANSFORMER/scalablelux@0.1.0.1+neoforge.1cb1e91/ca.spottedleaf.starlight.common.light.StarLightInterface.handleUpdateInternal(StarLightInterface.java:629)
[12Jun2026 21:18:17.421] [c2me-worker-1/INFO] [STDERR/]: [java.lang.Throwable:printStackTrace:651]: 	at TRANSFORMER/scalablelux@0.1.0.1+neoforge.1cb1e91/ca.spottedleaf.starlight.common.light.StarLightInterface.lambda$schedulePropagation0$1(StarLightInterface.java:595)
[12Jun2026 21:18:17.422] [c2me-worker-1/INFO] [STDERR/]: [java.lang.Throwable:printStackTrace:651]: 	at TRANSFORMER/c2me_base@0.3.0+alpha.0.91+1.21.1/com.ishland.c2me.base.common.scheduler.SimplePrioritizedTask.run(SimplePrioritizedTask.java:23)
[12Jun2026 21:18:17.423] [c2me-worker-1/INFO] [STDERR/]: [java.lang.Throwable:printStackTrace:651]: 	at TRANSFORMER/c2me_base@0.3.0+alpha.0.91+1.21.1/com.ishland.flowsched.executor.WorkerThread.pollTasks(WorkerThread.java:46)
[12Jun2026 21:18:17.423] [c2me-worker-1/INFO] [STDERR/]: [java.lang.Throwable:printStackTrace:651]: 	at TRANSFORMER/c2me_base@0.3.0+alpha.0.91+1.21.1/com.ishland.flowsched.executor.WorkerThread.run(WorkerThread.java:29)
[12Jun2026 21:18:17.424] [c2me-worker-1/INFO] [STDERR/]: [java.lang.Throwable:printStackTrace:660]: Caused by: java.lang.ClassNotFoundException: net.minecraft.client.resources.model.Material
[12Jun2026 21:18:17.425] [c2me-worker-1/INFO] [STDERR/]: [java.lang.Throwable:printStackTrace:660]: 	at cpw.mods.securejarhandler/cpw.mods.cl.ModuleClassLoader.loadClass(ModuleClassLoader.java:220)
[12Jun2026 21:18:17.426] [c2me-worker-1/INFO] [STDERR/]: [java.lang.Throwable:printStackTrace:660]: 	at java.base/java.lang.ClassLoader.loadClass(ClassLoader.java:526)
[12Jun2026 21:18:17.426] [c2me-worker-1/INFO] [STDERR/]: [java.lang.Throwable:printStackTrace:660]: 	... 22 more
[12Jun2026 21:18:34.130] [Server thread/WARN] [net.minecraft.server.MinecraftServer/]: Can't keep up! Is the server overloaded? Running 3089ms or 61 ticks behind
[12Jun2026 21:18:54.762] [Server thread/INFO] [Silent's Power Scale/]: set arrow damage to 12.03849873180818
[12Jun2026 21:19:03.696] [Server thread/WARN] [net.minecraft.server.level.ServerLevel/]: Tried to add entity minecraft:zombie but it was marked as removed already
[12Jun2026 21:19:19.395] [Server thread/WARN] [C2ME HookCompatibility/]: Certain optimizations may be disabled because ChunkDataEvent.Save is used by: [@SubscribeEvent: class dev.architectury.event.forge.EventHandlerImplCommon eventChunkDataEvent(Lnet/neoforged/neoforge/event/level/ChunkDataEvent$Save;)V, @SubscribeEvent: class com.naterbobber.darkerdepths.events.ChunkPostProcessEventHandler onChunkSave(Lnet/neoforged/neoforge/event/level/ChunkDataEvent$Save;)V]
[12Jun2026 21:19:22.150] [Server thread/INFO] [Silent's Power Scale/]: set arrow damage to 12.1
[12Jun2026 21:19:24.402] [Server thread/INFO] [Silent's Power Scale/]: set arrow damage to 12.1
[12Jun2026 21:19:46.545] [Server thread/WARN] [net.minecraft.server.level.ServerLevel/]: Tried to add entity minecraft:zombie but it was marked as removed already
[12Jun2026 21:19:48.194] [Server thread/WARN] [net.minecraft.server.level.ServerLevel/]: Tried to add entity minecraft:zombie but it was marked as removed already
[12Jun2026 21:19:58.998] [Server thread/INFO] [Silent's Power Scale/]: set arrow damage to 11.643119154168154
[12Jun2026 21:19:59.502] [Server thread/INFO] [Silent's Power Scale/]: set arrow damage to 14.57522084859819
[12Jun2026 21:20:00.046] [Server thread/WARN] [net.minecraft.server.level.ServerLevel/]: Tried to add entity minecraft:zombie but it was marked as removed already
[12Jun2026 21:20:01.503] [Server thread/INFO] [Silent's Power Scale/]: set arrow damage to 14.573488414369521
[12Jun2026 21:20:22.146] [Server thread/WARN] [net.minecraft.server.level.ServerLevel/]: Tried to add entity minecraft:zombie but it was marked as removed already
[12Jun2026 21:20:26.197] [Server thread/WARN] [net.minecraft.server.level.ServerLevel/]: Tried to add entity minecraft:zombie but it was marked as removed already
[12Jun2026 21:20:52.049] [Server thread/WARN] [net.minecraft.server.level.ServerLevel/]: Tried to add entity minecraft:zombie but it was marked as removed already
[12Jun2026 21:21:01.336] [Server thread/WARN] [mixinsquared-canceller/]: Cancelled mixin top.theillusivec4.curios.mixin.core.MixinPiglinAi. Check debug logs for more information.
[12Jun2026 21:21:05.446] [Server thread/WARN] [net.minecraft.server.level.ServerLevel/]: Tried to add entity minecraft:zombie but it was marked as removed already
[12Jun2026 21:21:08.144] [Server thread/WARN] [net.minecraft.server.level.ServerLevel/]: Tried to add entity minecraft:zombie but it was marked as removed already
[12Jun2026 21:21:35.700] [Server thread/INFO] [Silent's Power Scale/]: set arrow damage to 14.1
[12Jun2026 21:21:37.953] [Server thread/INFO] [Silent's Power Scale/]: set arrow damage to 14.1
[12Jun2026 21:21:43.244] [Server thread/WARN] [net.minecraft.server.level.ServerLevel/]: Tried to add entity minecraft:zombie but it was marked as removed already
[12Jun2026 21:21:43.247] [Server thread/WARN] [net.minecraft.server.level.ServerLevel/]: Tried to add entity minecraft:zombie but it was marked as removed already
[12Jun2026 21:22:11.444] [Server thread/WARN] [net.minecraft.server.level.ServerLevel/]: Tried to add entity minecraft:zombie but it was marked as removed already
[12Jun2026 21:22:11.447] [Server thread/WARN] [net.minecraft.server.level.ServerLevel/]: Tried to add entity minecraft:zombie but it was marked as removed already
[12Jun2026 21:22:11.448] [Server thread/WARN] [net.minecraft.server.level.ServerLevel/]: Tried to add entity minecraft:zombie but it was marked as removed already
[12Jun2026 21:22:34.544] [Server thread/WARN] [net.minecraft.server.level.ServerLevel/]: Tried to add entity minecraft:zombie but it was marked as removed already
[12Jun2026 21:22:34.545] [Server thread/WARN] [net.minecraft.server.level.ServerLevel/]: Tried to add entity minecraft:zombie but it was marked as removed already
[12Jun2026 21:22:54.945] [Server thread/WARN] [net.minecraft.server.level.ServerLevel/]: Tried to add entity minecraft:zombie but it was marked as removed already
[12Jun2026 21:22:59.046] [Server thread/WARN] [net.minecraft.server.level.ServerLevel/]: Tried to add entity minecraft:zombie but it was marked as removed already
[12Jun2026 21:23:09.944] [Server thread/WARN] [net.minecraft.server.level.ServerLevel/]: Tried to add entity minecraft:zombie but it was marked as removed already
[12Jun2026 21:23:28.800] [Server thread/WARN] [net.minecraft.server.level.ServerLevel/]: Tried to add entity minecraft:zombie but it was marked as removed already
[12Jun2026 21:23:29.644] [Server thread/WARN] [net.minecraft.server.level.ServerLevel/]: Tried to add entity minecraft:zombie but it was marked as removed already
[12Jun2026 21:23:31.845] [Server thread/WARN] [net.minecraft.server.level.ServerLevel/]: Tried to add entity minecraft:zombie but it was marked as removed already
[12Jun2026 21:24:03.306] [Server thread/INFO] [Silent's Power Scale/]: set arrow damage to 11.76167930761159
[12Jun2026 21:24:05.718] [Server thread/INFO] [Silent's Power Scale/]: set arrow damage to 11.743175542528125
[12Jun2026 21:24:08.445] [Server thread/WARN] [net.minecraft.server.level.ServerLevel/]: Tried to add entity minecraft:zombie but it was marked as removed already
[12Jun2026 21:24:43.995] [Server thread/WARN] [net.minecraft.server.level.ServerLevel/]: Tried to add entity minecraft:zombie but it was marked as removed already
[12Jun2026 21:24:47.246] [Server thread/WARN] [net.minecraft.server.level.ServerLevel/]: Tried to add entity minecraft:zombie but it was marked as removed already
[12Jun2026 21:25:06.700] [Server thread/INFO] [Silent's Power Scale/]: set arrow damage to 10.7
[12Jun2026 21:25:09.199] [Server thread/INFO] [Silent's Power Scale/]: set arrow damage to 10.7
[12Jun2026 21:25:11.697] [Server thread/INFO] [Silent's Power Scale/]: set arrow damage to 10.7
[12Jun2026 21:25:14.199] [Server thread/INFO] [Silent's Power Scale/]: set arrow damage to 10.7
[12Jun2026 21:25:18.597] [Server thread/INFO] [Silent's Power Scale/]: set arrow damage to 10.7
[12Jun2026 21:25:21.107] [Server thread/INFO] [Silent's Power Scale/]: set arrow damage to 10.7
[12Jun2026 21:25:26.151] [Server thread/INFO] [Silent's Power Scale/]: set arrow damage to 10.7
[12Jun2026 21:25:42.144] [Server thread/WARN] [net.minecraft.server.level.ServerLevel/]: Tried to add entity minecraft:zombie but it was marked as removed already
[12Jun2026 21:26:15.804] [Server thread/INFO] [Silent's Power Scale/]: set arrow damage to 14.358577741189137
[12Jun2026 21:26:17.801] [Server thread/INFO] [Silent's Power Scale/]: set arrow damage to 14.605589307950352
[12Jun2026 21:26:39.146] [Server thread/WARN] [net.minecraft.server.level.ServerLevel/]: Tried to add entity minecraft:zombie but it was marked as removed already
[12Jun2026 21:27:03.095] [Server thread/WARN] [net.minecraft.server.level.ServerLevel/]: Tried to add entity minecraft:zombie but it was marked as removed already
[12Jun2026 21:27:07.394] [Server thread/WARN] [net.minecraft.server.level.ServerLevel/]: Tried to add entity minecraft:zombie but it was marked as removed already
[12Jun2026 21:27:15.545] [Server thread/WARN] [net.minecraft.server.level.ServerLevel/]: Tried to add entity minecraft:zombie but it was marked as removed already
[12Jun2026 21:27:17.197] [Server thread/WARN] [net.minecraft.server.level.ServerLevel/]: Tried to add entity minecraft:zombie but it was marked as removed already
[12Jun2026 21:27:17.199] [Server thread/WARN] [net.minecraft.server.level.ServerLevel/]: Tried to add entity minecraft:zombie but it was marked as removed already
[12Jun2026 21:27:58.394] [Server thread/WARN] [net.minecraft.server.level.ServerLevel/]: Tried to add entity minecraft:zombie but it was marked as removed already
[12Jun2026 21:28:18.395] [Server thread/WARN] [net.minecraft.server.level.ServerLevel/]: Tried to add entity minecraft:zombie but it was marked as removed already
[12Jun2026 21:29:10.743] [Server thread/WARN] [net.minecraft.server.level.ServerLevel/]: Tried to add entity minecraft:zombie but it was marked as removed already
[12Jun2026 21:29:16.594] [Server thread/WARN] [net.minecraft.server.level.ServerLevel/]: Tried to add entity minecraft:zombie but it was marked as removed already
[12Jun2026 21:29:28.644] [Server thread/WARN] [net.minecraft.server.level.ServerLevel/]: Tried to add entity minecraft:zombie but it was marked as removed already
[12Jun2026 21:30:30.698] [Server thread/INFO] [Silent's Power Scale/]: set arrow damage to 11.842660327815391
[12Jun2026 21:30:36.998] [Server thread/INFO] [net.minecraft.server.MinecraftServer/]: Mainoo_ has reached the goal [Arachnophobe's Nightmare]
[12Jun2026 21:30:37.043] [Server thread/INFO] [net.minecraft.server.MinecraftServer/]: World First: Mainoo_ achieved Arachnophobe's Nightmare
[12Jun2026 21:30:55.493] [Server thread/INFO] [STDERR/]: [java.lang.Throwable:printStackTrace:651]: java.lang.NoClassDefFoundError: net/minecraft/client/resources/model/Material
[12Jun2026 21:30:55.493] [Server thread/INFO] [STDERR/]: [java.lang.Throwable:printStackTrace:651]: 	at java.base/java.lang.Class.getDeclaredMethods0(Native Method)
[12Jun2026 21:30:55.493] [Server thread/INFO] [STDERR/]: [java.lang.Throwable:printStackTrace:651]: 	at java.base/java.lang.Class.privateGetDeclaredMethods(Class.java:3580)
[12Jun2026 21:30:55.494] [Server thread/INFO] [STDERR/]: [java.lang.Throwable:printStackTrace:651]: 	at java.base/java.lang.Class.getMethodsRecursive(Class.java:3721)
[12Jun2026 21:30:55.494] [Server thread/INFO] [STDERR/]: [java.lang.Throwable:printStackTrace:651]: 	at java.base/java.lang.Class.getMethod0(Class.java:3707)
[12Jun2026 21:30:55.494] [Server thread/INFO] [STDERR/]: [java.lang.Throwable:printStackTrace:651]: 	at java.base/java.lang.Class.getMethod(Class.java:2395)
[12Jun2026 21:30:55.494] [Server thread/INFO] [STDERR/]: [java.lang.Throwable:printStackTrace:651]: 	at TRANSFORMER/minecraft@1.21.1/net.minecraft.world.level.block.state.BlockBehaviour$BlockStateBase.handler$dde000$scalablelux$initLightAccessState(BlockBehaviour.java:4004)
[12Jun2026 21:30:55.494] [Server thread/INFO] [STDERR/]: [java.lang.Throwable:printStackTrace:651]: 	at TRANSFORMER/minecraft@1.21.1/net.minecraft.world.level.block.state.BlockBehaviour$BlockStateBase.initCache(BlockBehaviour.java:492)
[12Jun2026 21:30:55.494] [Server thread/INFO] [STDERR/]: [java.lang.Throwable:printStackTrace:651]: 	at TRANSFORMER/minecraft@1.21.1/net.minecraft.world.level.block.state.BlockBehaviour$BlockStateBase.mfix$generateCache(BlockBehaviour.java:997)
[12Jun2026 21:30:55.494] [Server thread/INFO] [STDERR/]: [java.lang.Throwable:printStackTrace:651]: 	at TRANSFORMER/minecraft@1.21.1/net.minecraft.world.level.block.state.BlockBehaviour$BlockStateBase.redirect$zfg000$modernfix$dynamicCacheGen(BlockBehaviour.java:1016)
[12Jun2026 21:30:55.495] [Server thread/INFO] [STDERR/]: [java.lang.Throwable:printStackTrace:651]: 	at TRANSFORMER/minecraft@1.21.1/net.minecraft.world.level.block.state.BlockBehaviour$BlockStateBase.isCollisionShapeFullBlock(BlockBehaviour.java:874)
[12Jun2026 21:30:55.495] [Server thread/INFO] [STDERR/]: [java.lang.Throwable:printStackTrace:651]: 	at TRANSFORMER/minecraft@1.21.1/net.minecraft.world.level.block.state.BlockBehaviour$Properties.lambda$new$4(BlockBehaviour.java:997)
[12Jun2026 21:30:55.495] [Server thread/INFO] [STDERR/]: [java.lang.Throwable:printStackTrace:651]: 	at TRANSFORMER/minecraft@1.21.1/net.minecraft.world.level.block.state.BlockBehaviour$BlockStateBase.isRedstoneConductor(BlockBehaviour.java:591)
[12Jun2026 21:30:55.495] [Server thread/INFO] [STDERR/]: [java.lang.Throwable:printStackTrace:651]: 	at TRANSFORMER/minecraft@1.21.1/net.minecraft.world.level.NaturalSpawner.spawnCategoryForPosition(NaturalSpawner.java:149)
[12Jun2026 21:30:55.495] [Server thread/INFO] [STDERR/]: [java.lang.Throwable:printStackTrace:651]: 	at TRANSFORMER/minecraft@1.21.1/net.minecraft.world.level.NaturalSpawner.spawnCategoryForChunk(NaturalSpawner.java:125)
[12Jun2026 21:30:55.496] [Server thread/INFO] [STDERR/]: [java.lang.Throwable:printStackTrace:651]: 	at TRANSFORMER/minecraft@1.21.1/net.minecraft.world.level.NaturalSpawner.mixinextras$bridge$spawnCategoryForChunk$31(NaturalSpawner.java)
[12Jun2026 21:30:55.496] [Server thread/INFO] [STDERR/]: [java.lang.Throwable:printStackTrace:651]: 	at TRANSFORMER/minecraft@1.21.1/net.minecraft.world.level.NaturalSpawner.wrapOperation$epm000$confluence_magic_lib$reset(NaturalSpawner.java:1543)
[12Jun2026 21:30:55.496] [Server thread/INFO] [STDERR/]: [java.lang.Throwable:printStackTrace:651]: 	at TRANSFORMER/minecraft@1.21.1/net.minecraft.world.level.NaturalSpawner.spawnForChunk(NaturalSpawner.java:113)
[12Jun2026 21:30:55.496] [Server thread/INFO] [STDERR/]: [java.lang.Throwable:printStackTrace:651]: 	at TRANSFORMER/minecraft@1.21.1/net.minecraft.server.level.ServerChunkCache.tickChunks(ServerChunkCache.java:367)
[12Jun2026 21:30:55.496] [Server thread/INFO] [STDERR/]: [java.lang.Throwable:printStackTrace:651]: 	at TRANSFORMER/minecraft@1.21.1/net.minecraft.server.level.ServerChunkCache.tick(ServerChunkCache.java:321)
[12Jun2026 21:30:55.496] [Server thread/INFO] [STDERR/]: [java.lang.Throwable:printStackTrace:651]: 	at TRANSFORMER/minecraft@1.21.1/net.minecraft.server.level.ServerLevel.tick(ServerLevel.java:379)
[12Jun2026 21:30:55.496] [Server thread/INFO] [STDERR/]: [java.lang.Throwable:printStackTrace:651]: 	at TRANSFORMER/minecraft@1.21.1/net.minecraft.server.MinecraftServer.tickChildren(MinecraftServer.java:1037)
[12Jun2026 21:30:55.497] [Server thread/INFO] [STDERR/]: [java.lang.Throwable:printStackTrace:651]: 	at TRANSFORMER/minecraft@1.21.1/net.minecraft.server.dedicated.DedicatedServer.tickChildren(DedicatedServer.java:317)
[12Jun2026 21:30:55.497] [Server thread/INFO] [STDERR/]: [java.lang.Throwable:printStackTrace:651]: 	at TRANSFORMER/minecraft@1.21.1/net.minecraft.server.MinecraftServer.tickServer(MinecraftServer.java:917)
[12Jun2026 21:30:55.497] [Server thread/INFO] [STDERR/]: [java.lang.Throwable:printStackTrace:651]: 	at TRANSFORMER/minecraft@1.21.1/net.minecraft.server.MinecraftServer.runServer(MinecraftServer.java:707)
[12Jun2026 21:30:55.497] [Server thread/INFO] [STDERR/]: [java.lang.Throwable:printStackTrace:651]: 	at TRANSFORMER/minecraft@1.21.1/net.minecraft.server.MinecraftServer.lambda$spin$2(MinecraftServer.java:267)
[12Jun2026 21:30:55.497] [Server thread/INFO] [STDERR/]: [java.lang.Throwable:printStackTrace:651]: 	at java.base/java.lang.Thread.run(Thread.java:1583)
[12Jun2026 21:30:55.497] [Server thread/INFO] [STDERR/]: [java.lang.Throwable:printStackTrace:660]: Caused by: java.lang.ClassNotFoundException: net.minecraft.client.resources.model.Material
[12Jun2026 21:30:55.497] [Server thread/INFO] [STDERR/]: [java.lang.Throwable:printStackTrace:660]: 	at cpw.mods.securejarhandler/cpw.mods.cl.ModuleClassLoader.loadClass(ModuleClassLoader.java:220)
[12Jun2026 21:30:55.498] [Server thread/INFO] [STDERR/]: [java.lang.Throwable:printStackTrace:660]: 	at java.base/java.lang.ClassLoader.loadClass(ClassLoader.java:526)
[12Jun2026 21:30:55.498] [Server thread/INFO] [STDERR/]: [java.lang.Throwable:printStackTrace:660]: 	... 26 more
[12Jun2026 21:31:02.043] [Server thread/WARN] [net.minecraft.server.level.ServerLevel/]: Tried to add entity minecraft:zombie but it was marked as removed already
[12Jun2026 21:31:28.900] [Server thread/INFO] [Silent's Power Scale/]: set arrow damage to 11.609066401243421
[12Jun2026 21:31:30.900] [Server thread/INFO] [Silent's Power Scale/]: set arrow damage to 11.92197245194296
[12Jun2026 21:32:51.944] [Server thread/WARN] [net.minecraft.server.level.ServerLevel/]: Tried to add entity minecraft:zombie but it was marked as removed already
[12Jun2026 21:33:08.071] [Server thread/WARN] [bountiful/]: Bountiful reward pool entry is not valid!: _all_rews.a
[12Jun2026 21:33:08.073] [Server thread/WARN] [bountiful/]: * entry failed type validation: (_all_rews.a - numismatic-overhaul:bronze_coin) details: {
    "type": "minecraft:item",
    "content": "numismatic-overhaul:bronze_coin",
    "unitWorth": 100.0,
    "weightMult": 0.3333333333333333,
    "amount": {
        "min": 1,
        "max": 32
    },
    "forbids": [
        {
            "type": "minecraft:item",
            "content": "numismatic-overhaul:bronze_coin"
        },
        {
            "type": "minecraft:item",
            "content": "numismatic-overhaul:silver_coin"
        },
        {
            "type": "minecraft:item",
            "content": "numismatic-overhaul:gold_coin"
        }
    ]
}
[12Jun2026 21:33:08.075] [Server thread/WARN] [bountiful/]: Bountiful reward pool entry is not valid!: _all_rews.b
[12Jun2026 21:33:08.075] [Server thread/WARN] [bountiful/]: * entry failed type validation: (_all_rews.b - numismatic-overhaul:silver_coin) details: {
    "type": "minecraft:item",
    "rarity": "RARE",
    "content": "numismatic-overhaul:silver_coin",
    "unitWorth": 600.0,
    "weightMult": 0.3333333333333333,
    "amount": {
        "min": 1,
        "max": 32
    },
    "forbids": [
        {
            "type": "minecraft:item",
            "content": "numismatic-overhaul:bronze_coin"
        },
        {
            "type": "minecraft:item",
            "content": "numismatic-overhaul:silver_coin"
        },
        {
            "type": "minecraft:item",
            "content": "numismatic-overhaul:gold_coin"
        }
    ]
}
[12Jun2026 21:33:08.077] [Server thread/WARN] [bountiful/]: Bountiful reward pool entry is not valid!: _all_rews.c
[12Jun2026 21:33:08.077] [Server thread/WARN] [bountiful/]: * entry failed type validation: (_all_rews.c - numismatic-overhaul:gold_coin) details: {
    "type": "minecraft:item",
    "rarity": "LEGENDARY",
    "content": "numismatic-overhaul:gold_coin",
    "unitWorth": 1000.0,
    "weightMult": 0.3333333333333333,
    "amount": {
        "min": 1,
        "max": 32
    },
    "forbids": [
        {
            "type": "minecraft:item",
            "content": "numismatic-overhaul:bronze_coin"
        },
        {
            "type": "minecraft:item",
            "content": "numismatic-overhaul:silver_coin"
        },
        {
            "type": "minecraft:item",
            "content": "numismatic-overhaul:gold_coin"
        }
    ]
}
[12Jun2026 21:33:08.106] [Server thread/WARN] [bountiful/]: Bountiful reward pool entry is not valid!: _all_objs.a
[12Jun2026 21:33:08.107] [Server thread/WARN] [bountiful/]: * entry failed type validation: (_all_objs.a - numismatic-overhaul:bronze_coin) details: {
    "type": "minecraft:item",
    "content": "numismatic-overhaul:bronze_coin",
    "unitWorth": 100.0,
    "weightMult": 0.3333333333333333,
    "amount": {
        "min": 1,
        "max": 32
    },
    "forbids": [
        {
            "type": "minecraft:item",
            "content": "numismatic-overhaul:bronze_coin"
        },
        {
            "type": "minecraft:item",
            "content": "numismatic-overhaul:silver_coin"
        },
        {
            "type": "minecraft:item",
            "content": "numismatic-overhaul:gold_coin"
        }
    ]
}
[12Jun2026 21:33:08.109] [Server thread/WARN] [bountiful/]: Bountiful reward pool entry is not valid!: _all_objs.b
[12Jun2026 21:33:08.109] [Server thread/WARN] [bountiful/]: * entry failed type validation: (_all_objs.b - numismatic-overhaul:silver_coin) details: {
    "type": "minecraft:item",
    "rarity": "RARE",
    "content": "numismatic-overhaul:silver_coin",
    "unitWorth": 600.0,
    "weightMult": 0.3333333333333333,
    "amount": {
        "min": 1,
        "max": 32
    },
    "forbids": [
        {
            "type": "minecraft:item",
            "content": "numismatic-overhaul:bronze_coin"
        },
        {
            "type": "minecraft:item",
            "content": "numismatic-overhaul:silver_coin"
        },
        {
            "type": "minecraft:item",
            "content": "numismatic-overhaul:gold_coin"
        }
    ]
}
[12Jun2026 21:33:08.110] [Server thread/WARN] [bountiful/]: Bountiful reward pool entry is not valid!: _all_objs.c
[12Jun2026 21:33:08.111] [Server thread/WARN] [bountiful/]: * entry failed type validation: (_all_objs.c - numismatic-overhaul:gold_coin) details: {
    "type": "minecraft:item",
    "rarity": "LEGENDARY",
    "content": "numismatic-overhaul:gold_coin",
    "unitWorth": 1000.0,
    "weightMult": 0.3333333333333333,
    "amount": {
        "min": 1,
        "max": 32
    },
    "forbids": [
        {
            "type": "minecraft:item",
            "content": "numismatic-overhaul:bronze_coin"
        },
        {
            "type": "minecraft:item",
            "content": "numismatic-overhaul:silver_coin"
        },
        {
            "type": "minecraft:item",
            "content": "numismatic-overhaul:gold_coin"
        }
    ]
}
[12Jun2026 21:33:08.154] [Server thread/WARN] [bountiful/]: Bountiful reward pool entry is not valid!: _metal_objs.galo_silver_ingot
[12Jun2026 21:33:08.154] [Server thread/WARN] [bountiful/]: * entry failed type validation: (_metal_objs.galo_silver_ingot - galosphere:silver_ingot) details: {
    "type": "minecraft:item",
    "rarity": "UNCOMMON",
    "content": "galosphere:silver_ingot",
    "unitWorth": 1500.0,
    "weightMult": 0.07692307692307693,
    "amount": {
        "min": 2,
        "max": 16
    }
}
[12Jun2026 21:33:08.156] [Server thread/WARN] [bountiful/]: Bountiful reward pool entry is not valid!: _metal_objs.galo_silver_raw
[12Jun2026 21:33:08.156] [Server thread/WARN] [bountiful/]: * entry failed type validation: (_metal_objs.galo_silver_raw - galosphere:raw_silver) details: {
    "type": "minecraft:item",
    "rarity": "UNCOMMON",
    "content": "galosphere:raw_silver",
    "unitWorth": 1450.0,
    "weightMult": 0.07692307692307693,
    "amount": {
        "min": 2,
        "max": 10
    }
}
[12Jun2026 21:33:09.099] [Server thread/WARN] [net.minecraft.server.level.ServerLevel/]: Tried to add entity minecraft:zombie but it was marked as removed already
[12Jun2026 21:33:10.394] [Server thread/WARN] [net.minecraft.server.level.ServerLevel/]: Tried to add entity minecraft:zombie but it was marked as removed already
[12Jun2026 21:33:24.145] [Server thread/WARN] [net.minecraft.server.level.ServerLevel/]: Tried to add entity minecraft:zombie but it was marked as removed already
[12Jun2026 21:33:41.561] [Server thread/INFO] [net.minecraft.server.MinecraftServer/]: [Mainoo_: Set own game mode to Creative Mode]
[12Jun2026 21:34:27.244] [Server thread/WARN] [net.minecraft.server.level.ServerLevel/]: Tried to add entity minecraft:zombie but it was marked as removed already
[12Jun2026 21:34:45.594] [Server thread/INFO] [Silent's Power Scale/]: set arrow damage to 14.36894580294057
[12Jun2026 21:34:47.595] [Server thread/INFO] [Silent's Power Scale/]: set arrow damage to 13.739828827217845
[12Jun2026 21:34:49.596] [Server thread/INFO] [Silent's Power Scale/]: set arrow damage to 14.109369480281162
[12Jun2026 21:34:57.495] [Server thread/WARN] [net.minecraft.server.level.ServerLevel/]: Tried to add entity minecraft:zombie but it was marked as removed already
[12Jun2026 21:35:49.006] [Server thread/INFO] [net.minecraft.server.MinecraftServer/]: [Mainoo_: Set own game mode to Survival Mode]
[12Jun2026 21:36:32.952] [Server thread/INFO] [net.minecraft.server.MinecraftServer/]: [Mainoo_: Set own game mode to Creative Mode]
[12Jun2026 21:36:38.688] [Server thread/INFO] [net.minecraft.server.MinecraftServer/]: [Mainoo_: Set own game mode to Survival Mode]
[12Jun2026 21:36:44.594] [Server thread/WARN] [net.minecraft.server.level.ServerLevel/]: Tried to add entity minecraft:zombie but it was marked as removed already
[12Jun2026 21:36:53.595] [Server thread/WARN] [net.minecraft.server.level.ServerLevel/]: Tried to add entity minecraft:zombie but it was marked as removed already
[12Jun2026 21:37:03.144] [Server thread/WARN] [net.minecraft.server.level.ServerLevel/]: Tried to add entity minecraft:zombie but it was marked as removed already
[12Jun2026 21:37:07.062] [Server thread/INFO] [net.minecraft.server.MinecraftServer/]: [Mainoo_: Set own game mode to Creative Mode]
[12Jun2026 21:37:21.545] [Server thread/WARN] [net.minecraft.server.level.ServerLevel/]: Tried to add entity minecraft:zombie but it was marked as removed already
[12Jun2026 21:37:55.245] [Server thread/WARN] [net.minecraft.server.level.ServerLevel/]: Tried to add entity minecraft:zombie but it was marked as removed already
[12Jun2026 21:38:13.295] [Server thread/WARN] [net.minecraft.server.level.ServerLevel/]: Tried to add entity minecraft:zombie but it was marked as removed already
[12Jun2026 21:38:13.296] [Server thread/WARN] [net.minecraft.server.level.ServerLevel/]: Tried to add entity minecraft:zombie but it was marked as removed already
[12Jun2026 21:38:23.594] [Server thread/WARN] [net.minecraft.server.level.ServerLevel/]: Tried to add entity minecraft:zombie but it was marked as removed already
[12Jun2026 21:38:29.294] [Server thread/WARN] [net.minecraft.server.level.ServerLevel/]: Tried to add entity minecraft:zombie but it was marked as removed already
[12Jun2026 21:39:02.936] [Server thread/INFO] [net.minecraft.server.MinecraftServer/]: [Mainoo_: Set own game mode to Survival Mode]
[12Jun2026 21:39:05.244] [Server thread/WARN] [net.minecraft.server.level.ServerLevel/]: Tried to add entity minecraft:zombie but it was marked as removed already
[12Jun2026 21:39:09.844] [Server thread/WARN] [net.minecraft.server.level.ServerLevel/]: Tried to add entity minecraft:zombie but it was marked as removed already
[12Jun2026 21:39:24.745] [Server thread/WARN] [net.minecraft.server.level.ServerLevel/]: Tried to add entity minecraft:zombie but it was marked as removed already
[12Jun2026 21:39:57.453] [Server thread/INFO] [Silent's Power Scale/]: set arrow damage to 13.528572939363217
[12Jun2026 21:39:59.449] [Server thread/INFO] [Silent's Power Scale/]: set arrow damage to 13.915590552438358
[12Jun2026 21:40:29.248] [Server thread/INFO] [Silent's Power Scale/]: set arrow damage to 14.134729854315431
[12Jun2026 21:40:31.252] [Server thread/INFO] [Silent's Power Scale/]: set arrow damage to 13.45388624140653
[12Jun2026 21:40:50.444] [Server thread/WARN] [net.minecraft.server.level.ServerLevel/]: Tried to add entity minecraft:zombie but it was marked as removed already
[12Jun2026 21:40:58.894] [Server thread/WARN] [net.minecraft.server.level.ServerLevel/]: Tried to add entity minecraft:zombie but it was marked as removed already
[12Jun2026 21:41:02.116] [Server thread/INFO] [net.minecraft.server.MinecraftServer/]: [Mainoo_: Set own game mode to Creative Mode]
[12Jun2026 21:41:05.744] [Server thread/WARN] [net.minecraft.server.level.ServerLevel/]: Tried to add entity minecraft:zombie but it was marked as removed already
[12Jun2026 21:41:10.444] [Server thread/WARN] [net.minecraft.server.level.ServerLevel/]: Tried to add entity minecraft:zombie but it was marked as removed already
[12Jun2026 21:41:18.199] [Server thread/INFO] [Silent's Power Scale/]: set arrow damage to 14.084648734453246
[12Jun2026 21:41:42.249] [Server thread/INFO] [Silent's Power Scale/]: set arrow damage to 13.569606833549992
[12Jun2026 21:41:44.250] [Server thread/INFO] [Silent's Power Scale/]: set arrow damage to 13.476801122552283
[12Jun2026 21:42:15.800] [Server thread/INFO] [Silent's Power Scale/]: set arrow damage to 14.05657808522961
[12Jun2026 21:42:17.802] [Server thread/INFO] [Silent's Power Scale/]: set arrow damage to 13.888903443097103
[12Jun2026 21:42:20.352] [Server thread/INFO] [Silent's Power Scale/]: set arrow damage to 14.317386123960269
[12Jun2026 21:42:21.694] [Server thread/WARN] [net.minecraft.server.level.ServerLevel/]: Tried to add entity minecraft:zombie but it was marked as removed already
[12Jun2026 21:42:48.152] [Server thread/INFO] [Silent's Power Scale/]: set arrow damage to 14.022521159315474
[12Jun2026 21:42:53.095] [Server thread/WARN] [net.minecraft.server.level.ServerLevel/]: Tried to add entity minecraft:zombie but it was marked as removed already
[12Jun2026 21:43:05.893] [Server thread/WARN] [net.minecraft.server.level.ServerLevel/]: Tried to add entity minecraft:zombie but it was marked as removed already
[12Jun2026 21:43:34.995] [Server thread/WARN] [net.minecraft.server.level.ServerLevel/]: Tried to add entity minecraft:zombie but it was marked as removed already
[12Jun2026 21:43:50.795] [Server thread/WARN] [net.minecraft.server.level.ServerLevel/]: Tried to add entity minecraft:zombie but it was marked as removed already
[12Jun2026 21:44:43.493] [Server thread/WARN] [net.minecraft.server.level.ServerLevel/]: Tried to add entity minecraft:zombie but it was marked as removed already
[12Jun2026 21:45:26.943] [Server thread/WARN] [net.minecraft.server.level.ServerLevel/]: Tried to add entity minecraft:zombie but it was marked as removed already
[12Jun2026 21:45:29.253] [Server thread/INFO] [Silent's Power Scale/]: set arrow damage to 13.13417279343993
[12Jun2026 21:45:32.809] [Server thread/INFO] [net.minecraft.server.MinecraftServer/]: [Mainoo_: Set own game mode to Survival Mode]
[12Jun2026 21:45:35.045] [Server thread/WARN] [net.minecraft.server.level.ServerLevel/]: Tried to add entity minecraft:zombie but it was marked as removed already
[12Jun2026 21:46:11.843] [Server thread/WARN] [net.minecraft.server.level.ServerLevel/]: Tried to add entity minecraft:zombie but it was marked as removed already
[12Jun2026 21:47:16.451] [Server thread/INFO] [Silent's Power Scale/]: set arrow damage to 13.965504333873278
[12Jun2026 21:47:18.449] [Server thread/INFO] [Silent's Power Scale/]: set arrow damage to 14.222237349387049
[12Jun2026 21:47:32.593] [Server thread/WARN] [net.minecraft.server.level.ServerLevel/]: Tried to add entity minecraft:zombie but it was marked as removed already
